time_s,dt_s,step,max_speed_ms,cfl,circulation,energy,enstrophy_rel,enstrophy_abs,zeta_max,zeta_rms,energy_l1,high_l_enstrophy_frac,roundtrip_residual
0.0,0.0,0,25.273832629184778,nan,-6.086860172948146e-08,4.770041798145307e+16,9650.70092961602,1864942.0249442346,4.997669815336012e-05,6.155033935658145e-06,3.3145326599784692e+16,0.0015123629615671939,7.142757308931695e-15
3053.8449178641963,3053.8449178641963,1,28.241496244908316,0.5587102015603413,-6.086860172948146e-08,4.770031546320101e+16,9650.69843460125,1864941.7793505103,4.9850932648896526e-05,6.155033140021555e-06,3.3145205340107124e+16,0.001512363352561478,nan
5786.786708917548,2732.9417910533516,2,30.712899529605018,0.5437548220403209,-6.086860172948146e-08,4.770013364394039e+16,9650.699022760857,1864941.1590830307,4.952626524818786e-05,6.155033327580094e-06,3.3144974660935804e+16,0.0015123632603908452,nan
8299.814345894252,2513.0276369767043,3,32.743351812538464,0.5330553662147111,-6.086860172948146e-08,4.769989213775491e+16,9650.707509667965,1864940.280902532,4.919261094274351e-05,6.155036033973925e-06,3.314466222448599e+16,0.0015123619304068527,nan
10657.006296537213,2357.19195064296,4,34.48487105909768,0.5265934785254993,-6.086860172948146e-08,4.769960709201906e+16,9650.729634339361,1864939.222114733,4.872647971383464e-05,6.155043089315283e-06,3.314428884236479e+16,0.0015123584632585636,nan
12895.15778033765,2238.1514838004373,5,35.86245363380398,0.5199737237286679,-6.086860172948146e-08,4.769929225131961e+16,9650.77105194071,1864938.042095056,4.817378274472897e-05,6.155056296961601e-06,3.3143871530723456e+16,0.0015123519727657736,nan
15047.335267068063,2152.1774867304134,6,37.01355934003113,0.5160488977968607,-6.086860172948146e-08,4.769895768685097e+16,9650.837261428636,1864936.7838206063,4.76509932608439e-05,6.155077410426238e-06,3.3143422385190384e+16,0.0015123415972877743,nan
17132.580963666376,2085.2456965983138,7,37.8821589321311,0.5117335323539197,-6.086860172948146e-08,4.769861272579675e+16,9650.933298136046,1864935.4859459507,4.705507437363709e-05,6.155108035328604e-06,3.314295253995274e+16,0.0015123265479342046,nan
19170.01408536001,2037.4331216936337,8,38.55841508105629,0.5089257868082011,-6.086860172948146e-08,4.769826463946966e+16,9651.06404564441,1864934.179181892,4.639361014723876e-05,6.155149728825431e-06,3.314247049301221e+16,0.0015123060597344536,nan
21171.713718691302,2001.6996333312945,9,38.97517661317475,0.5054042876404847,-6.086860172948146e-08,4.769792048441806e+16,9651.233879137453,1864932.8932590785,4.569117798176372e-05,6.155203885858007e-06,3.314198458085583e+16,0.001512279447570259,nan
23152.009179456356,1980.2954607650533,10,39.26004298185596,0.5036544589843489,-6.086860172948146e-08,4.769758591086363e+16,9651.447268835092,1864931.6529087476,4.4971865096970866e-05,6.15527193155312e-06,3.314150132277824e+16,0.0015122460116673239,1.0930689152885402e-14
25117.93584350143,1965.9266640450721,11,39.3221603157602,0.5007911011958512,-6.086860172948146e-08,4.7697267170023176e+16,9651.707861454095,1864930.4851561142,4.4299204109038675e-05,6.155355028292993e-06,3.3141028221732572e+16,0.0015122051815723383,nan
27080.75692733318,1962.821083831749,12,39.21015981758746,0.4985758603129461,-6.086860172948146e-08,4.76969693268301e+16,9652.019681487365,1864929.413041335,4.3664793943396874e-05,6.1554544587531355e-06,3.3140571190815796e+16,0.001512156327976346,nan
29049.184643227534,1968.4277158943532,13,38.969030728048864,0.4969251707891479,-6.086860172948146e-08,4.769669766181904e+16,9652.386452873005,1864928.4606774505,4.299418445299347e-05,6.155571409566989e-06,3.314013651376691e+16,0.0015120988690593804,nan
31029.792420418984,1980.6077771914515,14,38.593882533462505,0.4951865855067787,-6.086860172948146e-08,4.769645765766256e+16,9652.81144857302,1864927.6531260822,4.229666919040135e-05,6.155706923338475e-06,3.3139730854306904e+16,0.0015120322941013205,nan
33029.6525086769,1999.8600882579228,15,38.06586936045053,0.49315936699871843,-6.086860172948146e-08,4.7696254681460936e+16,9653.29794556472,1864927.0152842065,4.1582441523506086e-05,6.155862043698157e-06,3.313936073723518e+16,0.0015119560922512811,nan
35057.25273497771,2027.6002263008013,16,37.468664344852556,0.49215563672087764,-6.086860172948146e-08,4.7696094054904056e+16,9653.849634069442,1864926.572229889,4.091598580166754e-05,6.156037945748649e-06,3.3139032542664436e+16,0.0015118696885027913,nan
37117.17044699483,2059.917712017123,17,36.74361949582779,0.49032465045522267,-6.086860172948146e-08,4.769598156621386e+16,9654.469223294593,1864926.3504522876,4.0357062243116856e-05,6.156235491480546e-06,3.3138753445250708e+16,0.0015117726621259743,nan
39217.73556247972,2100.565115484887,18,35.962179619694375,0.48936631873974556,-6.086860172948146e-08,4.7695922813196536e+16,9655.160592187849,1864926.3760721697,3.980640148796258e-05,6.156455915484401e-06,3.3138530094563836e+16,0.0015116644099035187,nan
41363.944889773054,2146.2093272933316,19,35.16475472218744,0.488913006581639,-6.086860172948146e-08,4.7695923638587224e+16,9655.926779892028,1864926.6753722653,3.92764749138801e-05,6.156700184194525e-06,3.3138369571778988e+16,0.0015115444609115562,nan
43558.82342481051,2194.878535037456,20,34.303938327589286,0.4877602388897793,-6.086860172948146e-08,4.769598961455551e+16,9656.770154587412,1864927.272517017,3.8780392870141006e-05,6.156969049725823e-06,3.3138278653209436e+16,0.0015114124500705739,1.9467593432475904e-14
45808.77981735426,2249.9563925437546,21,33.423943669304194,0.48717356226154723,-6.086860172948146e-08,4.769612589803886e+16,9657.69451153479,1864928.1897808607,3.832998024613867e-05,6.157263718690622e-06,3.3138263177934376e+16,0.0015112677898106218,nan
48117.973672311266,2309.193854957002,22,32.52647615658972,0.486574482030098,-6.086860172948146e-08,4.7696336947746984e+16,9658.703063877436,1864929.4451529821,3.793630389350515e-05,6.157585211600932e-06,3.3138328067435124e+16,0.0015111099847036939,nan
50490.882589896224,2372.908917584957,23,31.648065656691863,0.48649699254740975,-6.086860172948146e-08,4.7696626143216616e+16,9659.799406007269,1864931.0511863253,3.762282513500191e-05,6.15793466993314e-06,3.3138476632841944e+16,0.0015109384807759818,nan
52929.652976903,2438.770387006775,24,30.782083455480066,0.4863185603410064,-6.086860172948146e-08,4.769699498031291e+16,9660.986223258857,1864933.0110981024,3.739418841264397e-05,6.15831294479831e-06,3.3138709797050772e+16,0.0015107528674427636,nan
55437.032486844706,2507.3795099417034,25,29.87545819966207,0.4852734910369331,-6.086860172948146e-08,4.769744271299953e+16,9662.26646772062,1864935.3182851677,3.725716429835021e-05,6.158720971716098e-06,3.313902543725575e+16,0.001510552693601761,nan
58020.50300012571,2583.470513281007,26,28.93432985260583,0.4842491395317431,-6.086860172948146e-08,4.769796660074852e+16,9663.645543705563,1864937.9592047306,3.7162688518061285e-05,6.159160467003282e-06,3.3139418346753788e+16,0.0015103371262018273,nan
60688.00439804162,2667.5013979159144,27,27.91610012528025,0.48240447018278043,-6.086860172948146e-08,4.7698560761622584e+16,9665.129211337307,1864940.908510358,3.710055508473822e-05,6.159633259401471e-06,3.313987924432728e+16,0.0015101052784677546,nan
63452.80195153985,2764.7975534982215,28,26.806415715282796,0.48012465199262294,-6.086860172948146e-08,4.769921627942541e+16,9666.72621082031,1864944.1324208644,3.705489987981032e-05,6.160142126101673e-06,3.3140394525162664e+16,0.0015098558002787175,nan
66332.05168598246,2879.249734442611,29,25.583497607010578,0.4771898242334761,-6.086860172948146e-08,4.769991990520767e+16,9668.44760855044,1864947.585115573,3.7003548241752606e-05,6.160690583894202e-06,3.3140944864422036e+16,0.0015095869812859846,nan
69348.93258769451,3016.8809017120534,30,24.278736143159787,0.47449993968976995,-6.086860172948146e-08,4.770065278918383e+16,9670.308097448931,1864951.2075149107,3.69618499590836e-05,6.161283302888781e-06,3.314150355947919e+16,0.0015092965489862389,1.596656078840026e-14
72527.94342559314,3179.0108378986333,31,22.98525214418499,0.4733617929832147,-6.086860172948146e-08,4.770138718460477e+16,9672.323023880637,1864954.916383831,3.686676364611662e-05,6.161925158651945e-06,3.3142033137713924e+16,0.0015089821341861618,nan
75885.85156797184,3357.9081423786993,32,21.918318128577127,0.4767909003365494,-6.086860172948146e-08,4.7702082994748136e+16,9674.5019557725,1864958.5896280345,3.6666986622913086e-05,6.162619183196866e-06,3.3142482324824068e+16,0.0015086422749033314,nan
79407.21506296354,3521.3634949916973,33,21.416126416096812,0.4885440180780669,-6.086860172948146e-08,4.770268798698299e+16,9676.831233630006,1864962.047100031,3.630456961684277e-05,6.163361008903561e-06,3.3142788894746864e+16,0.001508279134639645,nan
83011.15182678346,3603.936763819919,34,22.67840577044706,0.5294703003200778,-6.086860172948146e-08,4.770315264943988e+16,9679.249469360724,1864965.0586947391,3.572891315260586e-05,6.164131071355572e-06,3.3142900766728704e+16,0.0015079023105370297,nan
86414.4935832911,3403.341756507637,35,24.59797415272874,0.5423215018223002,-6.086860172948146e-08,4.770346360971631e+16,9681.553522908307,1864967.3454133177,3.502409877872677e-05,6.164864684174229e-06,3.314283180444436e+16,0.0015075434541138553,nan
89552.24650759134,3137.7529243002364,36,26.228209933073448,0.5331376025160157,-6.086860172948146e-08,4.770363417198432e+16,9683.682020504644,1864968.9439853958,3.42002649917382e-05,6.165542322246214e-06,3.3142612600641012e+16,0.00150721209228148,nan
92494.9698397033,2942.7233321119725,37,27.601062793730254,0.5261713030389782,-6.086860172948146e-08,4.770368537551131e+16,9685.66840780935,1864969.9958967837,3.322379190229457e-05,6.1661746502686345e-06,3.3142266770408956e+16,0.0015069029853784198,nan
95291.32467235558,2796.3548326522655,38,28.70037375180394,0.5199142867484691,-6.086860172948146e-08,4.770363865050344e+16,9687.534361743183,1864970.6090363183,3.2274123081883406e-05,6.166768581593938e-06,3.314181857802258e+16,0.0015066127348927465,nan
97980.57067301907,2689.246000663493,39,29.553591177418284,0.5148642215079293,-6.086860172948146e-08,4.7703513224059096e+16,9689.296763444683,1864970.8696147464,3.129968646282806e-05,6.167329499820186e-06,3.314128959845994e+16,0.0015063386946902115,nan
100592.17766406931,2611.6069910502383,40,30.177431997824762,0.5105543995763728,-6.086860172948146e-08,4.7703326111552504e+16,9690.966846450545,1864970.847984354,3.0217085352811636e-05,6.167860988773639e-06,3.314069937048787e+16,0.0015060791013292048,1.9103625557574053e-14
103149.79639501864,2557.618730949329,41,30.6116917092537,0.507195107116143,-6.086860172948146e-08,4.7703092508812056e+16,9692.552681434823,1864970.6045835258,2.922858171092e-05,6.168365624160968e-06,3.3140065654612372e+16,0.0015058326860651894,nan
105671.13255842494,2521.336163406302,42,30.865608507583833,0.5041473826527101,-6.086860172948146e-08,4.770282654697314e+16,9694.05926600833,1864970.1942292275,2.818858072785634e-05,6.1688450026952104e-06,3.3139405502780852e+16,0.001505598659819542,nan
108171.7268788195,2500.594320394563,43,30.913645553965043,0.5007781645770796,-6.086860172948146e-08,4.770254143169117e+16,9695.491128428373,1864969.6688020795,2.7084133980589197e-05,6.169300570943174e-06,3.31387349832829e+16,0.0015053763079951623,nan
110668.43549879936,2496.708619979848,44,30.81177715388268,0.49835237161038587,-6.086860172948146e-08,4.770224935263836e+16,9696.854390239054,1864969.0783514823,2.6147986874005508e-05,6.169734281630717e-06,3.313806868202631e+16,0.001505164670081587,nan
113173.39861547113,2504.9631166717777,45,30.52552913984301,0.4953548928286404,-6.086860172948146e-08,4.770196269825565e+16,9698.15354720505,1864968.4741580344,2.515125725197746e-05,6.170147569512222e-06,3.3137421934283484e+16,0.0015049630394148225,nan
115701.85160234648,2528.4529868753384,46,30.086139623072096,0.49280291727691294,-6.086860172948146e-08,4.770169330610124e+16,9699.395900060916,1864967.9083830486,2.4265090194383374e-05,6.170542760975268e-06,3.313680897930456e+16,0.001504770275334538,nan
118267.23108594089,2565.3794835944173,47,29.520121892835387,0.4905933805844162,-6.086860172948146e-08,4.770145343325277e+16,9700.589055697299,1864967.4364194646,2.3427483361754808e-05,6.1709222790166795e-06,3.3136244713016188e+16,0.0015045851911994234,nan
120881.79906129598,2614.567975355095,48,28.849629925982438,0.4886434756386341,-6.086860172948146e-08,4.770125581680433e+16,9701.741599225268,1864967.117350491,2.2590491021734366e-05,6.171288857028137e-06,3.313574461215872e+16,0.0015044064501036458,nan
123557.13200413123,2675.332942835241,49,28.093723197766504,0.48689919541159954,-6.086860172948146e-08,4.7701113599658504e+16,9702.863612348705,1864967.0136351427,2.1890770601114158e-05,6.171645703622523e-06,3.3135324490395964e+16,0.0015042324845768245,nan
126304.44907514595,2747.3170710147224,50,27.27019091292935,0.48534312666498713,-6.086860172948146e-08,4.770104011336429e+16,9703.967017293622,1864967.1899659578,2.129497244653046e-05,6.171996611924867e-06,3.3135000077552876e+16,0.0015040614434388207,2.3486046078321378e-14
129134.7323531773,2830.2832780313433,51,26.411139376933885,0.48424925702320315,-6.086860172948146e-08,4.770104847008147e+16,9705.065716200848,1864967.7111092398,2.0799304020935256e-05,6.172346003776059e-06,3.3134786368019996e+16,0.0015038911704378303,nan
132057.07372694602,2922.3413737687247,52,25.53320499356014,0.4833794678290084,-6.086860172948146e-08,4.770115086297582e+16,9706.174901649683,1864968.637790864,2.0390946554844854e-05,6.172698710340334e-06,3.3134696719734296e+16,0.0015037193113666943,nan
135079.8969623782,3022.823235432167,53,24.67061800685047,0.4831085250181631,-6.086860172948146e-08,4.770135727808265e+16,9707.311183573842,1864970.0210918565,2.009563743180374e-05,6.173060012334912e-06,3.3134741062078244e+16,0.0015035432946469043,nan
138208.41061810238,3128.513655724167,54,24.287446918046726,0.49223426245955115,-6.086860172948146e-08,4.77016737476547e+16,9708.490773817122,1864971.8936654772,1.994285350048864e-05,6.173435062646369e-06,3.3134923892726028e+16,0.0015033606128025234,nan
141386.28129302443,3177.870674922034,55,24.608082592389994,0.506600851777982,-6.086860172948146e-08,4.770209605441527e+16,9709.705599166167,1864974.213713229,1.9951969626728283e-05,6.173821292132813e-06,3.313523937753176e+16,0.0015031725205310806,nan
144522.74529991357,3136.4640068891326,56,24.451141936125758,0.4968111969781675,-6.086860172948146e-08,4.770260340135356e+16,9710.928946334856,1864976.8500169327,2.0064178653513085e-05,6.174210206546304e-06,3.313566264485279e+16,0.0015029831563768165,nan
147679.3408295298,3156.595529616219,57,23.821835289908847,0.48713134446111234,-6.086860172948146e-08,4.7703178796249704e+16,9712.186082005228,1864979.7606546227,2.024995503684105e-05,6.1746098371451435e-06,3.3136167306890892e+16,0.0015027886117375462,nan
150919.32483539192,3239.9840058621094,58,22.72152370638449,0.4769053985527627,-6.086860172948146e-08,4.770380409465146e+16,9713.498451602092,1864982.9028826086,2.048434822242686e-05,6.175026998453044e-06,3.3136726869337296e+16,0.0015025855732448358,nan
154316.20817503778,3396.883339645873,59,21.154342221100443,0.46551328367023886,-6.086860172948146e-08,4.7704453971250744e+16,9714.885576403263,1864986.2236093571,2.0874021231200124e-05,6.175467891472394e-06,3.3137307553251348e+16,0.0015023710289047982,nan
157964.74352172422,3648.5353466864367,60,19.976462387736145,0.47215985680260436,-6.086860172948146e-08,4.770508413717311e+16,9716.36586409674,1864989.643048098,2.12436951477931e-05,6.1759383612914794e-06,3.313785511780619e+16,0.0015021421427784181,1.6278440897056938e-14
161828.40886103723,3863.6653393130136,61,21.6199263891646,0.5411350110327192,-6.086860172948146e-08,4.770562005861357e+16,9717.892265683564,1864992.89373974,2.1540835633300752e-05,6.176423449648658e-06,3.3138286368471024e+16,0.0015019061994187178,nan
165398.37315880044,3569.964297763207,62,23.282510540804928,0.5384502731811699,-6.086860172948146e-08,4.770603476908826e+16,9719.24265339041,1864995.3973631964,2.173743979212621e-05,6.176852569273665e-06,3.3138582022540156e+16,0.001501697525168999,nan
168713.40936137474,3315.0362025743066,63,24.841245404648998,0.5334743725577238,-6.086860172948146e-08,4.7706309873222056e+16,9720.427010626532,1864997.1847274944,2.1795137208373783e-05,6.177228904007099e-06,3.313872275278483e+16,0.001501514555189547,nan
171820.43415310042,3107.024791725687,64,26.218251567920486,0.5277161257586099,-6.086860172948146e-08,4.770644893943367e+16,9721.46700202321,1864998.3337445776,2.1753435358734228e-05,6.177559346953902e-06,3.313871213699524e+16,0.0015013539248835387,nan
174764.27520709438,2943.841053993975,65,27.350600991414723,0.5215946784353791,-6.086860172948146e-08,4.770646545707654e+16,9722.387007140565,1864998.9328512049,2.1605828407153687e-05,6.177851651178835e-06,3.3138563944623424e+16,0.0015012118555241477,nan
177586.23752352808,2821.9623164336886,66,28.213427172202696,0.5157734409759188,-6.086860172948146e-08,4.770637588150131e+16,9723.210545746033,1864999.065738555,2.1392311264667542e-05,6.178113294312127e-06,3.3138294851504692e+16,0.0015010847055552982,nan
180321.89827323062,2735.6607497025466,67,28.79561758032762,0.510317612329964,-6.086860172948146e-08,4.770619664418412e+16,9723.958238738012,1864998.8061736268,2.1097201265793045e-05,6.178350831244576e-06,3.313792151657871e+16,0.0015009692843978688,nan
183002.2493757649,2680.3511025342664,68,29.094347729155263,0.5051870766097362,-6.086860172948146e-08,4.770594320174612e+16,9724.647827155806,1864998.2187829118,2.0703677657787647e-05,6.178569900657317e-06,3.3137459678501244e+16,0.0015008628485605631,nan
185655.07961097386,2652.83023520896,69,29.103138325640842,0.5001510705200785,-6.086860172948146e-08,4.770562997698824e+16,9725.29465666926,1864997.3614716807,2.0264301970050938e-05,6.178775379301891e-06,3.3136924165769492e+16,0.0015007630261469121,nan
188307.1085593978,2652.0289484239565,70,28.82043368280758,0.4951430557132701,-6.086860172948146e-08,4.770527052923692e+16,9725.912477628448,1864996.2880234176,1.9801240209799008e-05,6.1789716364046984e-06,3.3136329081225984e+16,0.0015006676928962315,1.3790409949431223e-14
190985.15172068542,2678.0431612876205,71,28.246796638779937,0.4900480844538811,-6.086860172948146e-08,4.770487799428764e+16,9726.514036634837,1864995.0511636878,1.932233373896578e-05,6.179162721743631e-06,3.3135688350721584e+16,0.0015005748805934005,nan
193717.5806865818,2732.42896589636,72,27.388226509917626,0.48480234520321536,-6.086860172948146e-08,4.770446560253278e+16,9727.11176789417,1864993.706126162,1.8767213773403044e-05,6.179352585345254e-06,3.313501638225443e+16,0.0015004826702297793,nan
196535.66623518924,2818.085548607447,73,26.281357277318364,0.4797929735939921,-6.086860172948146e-08,4.770404732824089e+16,9727.718485321726,1864992.3152655216,1.8162910171267076e-05,6.179545297351349e-06,3.313432896550796e+16,0.0015003890851833835,nan
199472.43865965595,2936.7724244667165,74,25.01616743134861,0.4759298990417506,-6.086860172948146e-08,4.7703639086977256e+16,9728.347596632791,1864990.9553629057,1.762826280860844e-05,6.17974511599313e-06,3.3133645105820468e+16,0.0015002920582489416,nan
202557.73801821662,3085.299358560672,75,23.789989891208172,0.4754922982606066,-6.086860172948146e-08,4.770326044208817e+16,9729.012536377486,1864989.7272363382,1.7045074018483627e-05,6.17995630745629e-06,3.3132989832137996e+16,0.0015001895191870944,nan
205802.05908277116,3244.3210645545396,76,22.773719732590106,0.4786408030590707,-6.086860172948146e-08,4.770293736167311e+16,9729.723585984788,1864988.7645327384,1.6440314192966883e-05,6.18018213588456e-06,3.31323987375398e+16,0.0015000798851199937,nan
209191.15696558804,3389.0978828168845,77,22.2291302115956,0.48804346572740215,-6.086860172948146e-08,4.770270088058949e+16,9730.486208174283,1864988.2221888218,1.642467301431488e-05,6.1804243345266424e-06,3.313191625001525e+16,0.0014999623170784866,nan
212663.28406165072,3472.1270960626625,78,23.856394983233777,0.5366020792570042,-6.086860172948146e-08,4.770258558231113e+16,9731.294246346106,1864988.2432775411,1.6383050943704678e-05,6.180680946323812e-06,3.313159290099909e+16,0.0014998377676837388,nan
215898.57444747095,3235.290385820231,79,25.02769935803809,0.5245490648446152,-6.086860172948146e-08,4.770263227705088e+16,9732.075942579557,1864988.8371954402,1.619462609018676e-05,6.180929182471694e-06,3.3131490665023028e+16,0.0014997172982648087,nan
218982.45220329025,3083.8777558192833,80,25.80667411487939,0.5155622525606037,-6.086860172948146e-08,4.770280560370928e+16,9732.845548001946,1864989.9299562357,1.5907870323107194e-05,6.181173569311842e-06,3.31315647857736e+16,0.0014995987110994105,3.750511269673545e-14
221973.24307335765,2990.7908700674097,81,26.21148588372086,0.5078431603979544,-6.086860172948146e-08,4.7703084514345256e+16,9733.61076314648,1864991.464252319,1.5532615672404683e-05,6.181416552447531e-06,3.3131787467116316e+16,0.0014994808190167722,nan
224917.84398884873,2944.60091549109,82,26.267428285385623,0.5010671352611014,-6.086860172948146e-08,4.770345446273378e+16,9734.375434779698,1864993.3925804372,1.53793213514986e-05,6.181659353458177e-06,3.3132138927579508e+16,0.001499363029184796,nan
227856.1737138233,2938.329724974564,83,25.999416580413843,0.4948984022710572,-6.086860172948146e-08,4.770390386290736e+16,9735.139525940229,1864995.6709974592,1.5972597140424675e-05,6.181901960629837e-06,3.313260341055e+16,0.0014992453472518381,nan
230824.79283998205,2968.6191261587796,84,25.40944835122071,0.48865420254011444,-6.086860172948146e-08,4.7704421607916456e+16,9735.898641801647,1864998.2532501838,1.6537305702346203e-05,6.182142978662553e-06,3.3133166362896944e+16,0.001499128449884155,nan
233862.33872695832,3037.545886976262,85,24.508031472493677,0.4822621714122391,-6.086860172948146e-08,4.77049951612824e+16,9736.643636830582,1865001.0870067563,1.7072437930358316e-05,6.182379504218808e-06,3.3133812345871156e+16,0.0014990137447265508,nan
237011.60697464322,3149.2682476848872,86,23.794699335727763,0.48544697199433345,-6.086860172948146e-08,4.7705607773465736e+16,9737.358704632525,1865004.1060730335,1.7572817472008177e-05,6.182606519786157e-06,3.3134522094660624e+16,0.0014989036639031944,nan
240255.2859234962,3243.678948852984,87,23.870378007690103,0.5015902422403948,-6.086860172948146e-08,4.770622764794946e+16,9738.006760856404,1865007.1581862173,1.7942286366182685e-05,6.182812253707131e-06,3.3135258916329536e+16,0.0014988039131151488,nan
243488.68110914098,3233.3951856447807,88,23.927700249537263,0.5012006982425812,-6.086860172948146e-08,4.770680976680087e+16,9738.536252676757,1865009.9946592804,1.8163379758000747e-05,6.182980342726538e-06,3.3135968027956904e+16,0.0014987224219760581,nan
246714.330232319,3225.6491231780146,89,23.999117986131676,0.501492365247174,-6.086860172948146e-08,4.770732228419661e+16,9738.92511007397,1865012.4804816851,1.8257209143522526e-05,6.183103783949143e-06,3.3136610990083776e+16,0.0014986625807416748,nan
249930.38031275058,3216.0500804316,90,24.15298857178778,0.503205755014518,-6.086860172948146e-08,4.770773654126774e+16,9739.158171276096,1865014.4982220072,1.8142545170695788e-05,6.183177767112747e-06,3.313715263816446e+16,0.0014986267172618433,3.9979420138130814e-14
253125.94201726528,3195.5617045147,91,24.351223308567782,0.5041037310184371,-6.086860172948146e-08,4.7708029940663256e+16,9739.230229482095,1865015.95687373,1.7900824608060306e-05,6.183200641157162e-06,3.3137563853074216e+16,0.0014986156292856724,nan
256295.4897788527,3169.5477615874124,92,24.621369732295786,0.5055468758243647,-6.086860172948146e-08,4.770818893223981e+16,9739.147904743817,1865016.808017169,1.7964509505610838e-05,6.1831745081138825e-06,3.3137825383268084e+16,0.0014986282970406615,nan
259430.26116520437,3134.7713863516833,93,24.907986546204125,0.5058204888075822,-6.086860172948146e-08,4.770820979123853e+16,9738.927815779942,1865017.0427643408,1.8091065822138633e-05,6.183104642856028e-06,3.3137928660702508e+16,0.0014986621643775357,nan
262528.96066009987,3098.699494895484,94,25.158168174044064,0.5050221166487274,-6.086860172948146e-08,4.7708097804862136e+16,9738.593075214414,1865016.6900651825,1.811250041629131e-05,6.1829983809671824e-06,3.3137875658950468e+16,0.0014987136772620525,nan
265596.84560290014,3067.8849428002495,95,25.30711659783706,0.5029602398466091,-6.086860172948146e-08,4.770786493790354e+16,9738.168970296752,1865015.8050073788,1.8011682342601445e-05,6.1828637481435e-06,3.3137676597520384e+16,0.0014987789474214255,nan
268646.6740980272,3049.8284951270516,96,25.308950697390014,0.5000362368337353,-6.086860172948146e-08,4.770752709359301e+16,9737.679440205331,1865014.4574131556,1.7784279603269334e-05,6.182708342342702e-06,3.3137347124850656e+16,0.0014988542936473573,nan
271696.2815769159,3049.6074788887104,97,25.111655684005193,0.4961022680129294,-6.086860172948146e-08,4.770710228972525e+16,9737.145406325815,1865012.724413386,1.7449971789914532e-05,6.182538803952551e-06,3.3136906327726124e+16,0.0014989364983325974,nan
274769.84893945133,3073.567362535452,98,24.674086205887196,0.49128752234372375,-6.086860172948146e-08,4.770660904366789e+16,9736.583777381757,1865010.6858445907,1.7029926744439682e-05,6.182360500010985e-06,3.3136375049472604e+16,0.0014990229604985908,nan
277897.9228500941,3128.0739106427636,99,24.080930951705906,0.48798019814732263,-6.086860172948146e-08,4.7706065668810984e+16,9736.007429013081,1865008.4239382849,1.6539304788937932e-05,6.1821775176528095e-06,3.3135775264024776e+16,0.0014991116990748696,nan
281103.0466671249,3205.123817030778,100,24.350434284703468,0.5055957831019501,-6.086860172948146e-08,4.770549400364823e+16,9735.428205072052,1865006.0381548577,1.5913871077026433e-05,6.181993616884827e-06,3.313513452086552e+16,0.0014992008909797444,3.6335452473663116e-14
284272.6971311444,3169.650464019481,101,24.368917549199242,0.5003795263829727,-6.086860172948146e-08,4.770495186923343e+16,9734.878537809382,1865003.7401099107,1.527938837002565e-05,6.181819095158469e-06,3.3134521868015504e+16,0.001499285541409304,nan
287439.94348805625,3167.246356911837,102,24.108292809631045,0.49465251710417557,-6.086860172948146e-08,4.77044572493965e+16,9734.358572314153,1865001.6271339671,1.5692087897034796e-05,6.181653999336401e-06,3.3133964879773916e+16,0.0014993656264753346,nan
290641.42962973577,3201.4861416795375,103,23.581423967644948,0.4890728711869714,-6.086860172948146e-08,4.770402522117356e+16,9733.86385536969,1864999.789300636,1.6019534633881735e-05,6.181496916164874e-06,3.3133489191171196e+16,0.0014994418307034177,nan
293914.44509459846,3273.0154648627163,104,23.14932462979471,0.4908381415294703,-6.086860172948146e-08,4.770366973594148e+16,9733.385961927766,1864998.3180865713,1.624848897346638e-05,6.181345171023333e-06,3.31331209517239e+16,0.001499515450861936,nan
297248.5538240707,3334.1087294722815,105,22.422733566527317,0.4843064306435052,-6.086860172948146e-08,4.770341183681773e+16,9732.91869488539,1864997.3208401685,1.6349578738762665e-05,6.181196796472435e-06,3.3132894698379264e+16,0.0014995874409988814,nan
300690.70172725077,3442.147903180019,106,21.429500038910593,0.47785208648468663,-6.086860172948146e-08,4.770325885980688e+16,9732.4415750175,1864996.8726931985,1.6331230971709942e-05,6.181045289610243e-06,3.3132832271696444e+16,0.0014996609562577426,nan
304292.38936296053,3601.687635709766,107,20.88610078951837,0.48732123361708046,-6.086860172948146e-08,4.770321581486789e+16,9731.926724347268,1864997.0515543767,1.616576246447397e-05,6.180881797367667e-06,3.313295554879924e+16,0.001499740293214372,nan
307987.7830655668,3695.39370260628,108,22.409549139118692,0.536470386812575,-6.086860172948146e-08,4.77032987766581e+16,9731.357634297146,1864997.8953922833,1.5879489698050585e-05,6.180701076229111e-06,3.3133289662286876e+16,0.001499827998066121,nan
311431.9561210101,3444.173055443346,109,23.414178817723105,0.5224152139868514,-6.086860172948146e-08,4.770352796350814e+16,9730.771124839312,1864999.2213728714,1.5530533046018324e-05,6.180514817826355e-06,3.313382514994889e+16,0.0014999183982301683,nan
314728.3504097205,3296.39428871039,110,23.974246585306325,0.5119600130319173,-6.086860172948146e-08,4.770385440470079e+16,9730.142128560734,1865000.8903625717,1.5137718809393422e-05,6.180315060602877e-06,3.3134505171687524e+16,0.001500015359104757,6.40075414403926e-14
317947.7368899151,3219.386480194579,111,24.14544258945855,0.5035704146852554,-6.086860172948146e-08,4.770424984378663e+16,9729.454351582139,1865002.8003969314,1.4697213984299784e-05,6.180096628360026e-06,3.3135294605105384e+16,0.0015001213954757857,nan
321144.2972778072,3196.5603878921074,112,24.669047314355037,0.5108427236932299,-6.086860172948146e-08,4.7704693695400584e+16,9728.697097259519,1865004.8669329803,1.4227683918624492e-05,6.179856121761143e-06,3.313616603473883e+16,0.0015002381606910886,nan
324273.01012780337,3128.712849996175,113,25.260460202820514,0.5119869421978313,-6.086860172948146e-08,4.770516057905709e+16,9727.888905395688,1865006.9514841407,1.3766075316671379e-05,6.179599426896515e-06,3.3137073607680236e+16,0.001500362800300676,nan
327328.4716954025,3055.4615675991627,114,25.608904979415165,0.5068970393610593,-6.086860172948146e-08,4.77056272152964e+16,9727.046193828995,1865008.9515600945,1.3494420884054586e-05,6.179331756657264e-06,3.3137978283918e+16,0.0015004927856077112,nan
330342.3594579455,3013.8877625430146,115,25.725170456511187,0.5022700204711892,-6.086860172948146e-08,4.770607576877438e+16,9726.178084170708,1865010.8051584058,1.3871950404619201e-05,6.179056007104631e-06,3.313885303108078e+16,0.0015006267120347317,nan
333342.62588805775,3000.2664301122613,116,25.630214972872377,0.49815442459750975,-6.086860172948146e-08,4.770648983395409e+16,9725.295165233829,1865012.4584858718,1.4142530349833497e-05,6.178775540855155e-06,3.3139673056089476e+16,0.0015007629476675563,nan
336354.00778287515,3011.3818948174203,117,25.3443504000088,0.49442328959850435,-6.086860172948146e-08,4.77068532606567e+16,9724.408865486683,1865013.861656666,1.4263053194561702e-05,6.178493987859615e-06,3.3140414388127516e+16,0.0015008997298452127,nan
339399.3557247802,3045.3479419050104,118,24.90173809637046,0.491268028245889,-6.086860172948146e-08,4.7707149635057384e+16,9723.530447877916,1865014.9667248058,1.4246577393972236e-05,6.17821492614189e-06,3.314105344721347e+16,0.001501035320180303,nan
342498.8327585072,3099.4770337270515,119,24.356845613238722,0.4890591475779122,-6.086860172948146e-08,4.770736221085665e+16,9722.670445714637,1865015.7266801172,1.432331364282655e-05,6.177941702557145e-06,3.314156702181887e+16,0.0015011680916888841,nan
345667.6488915633,3168.8161330560456,120,24.13214394421981,0.4953872994765632,-6.086860172948146e-08,4.7707474774908824e+16,9721.838252183064,1865016.0972715986,1.4422123737283795e-05,6.177677302299496e-06,3.3141933381277108e+16,0.00150129659232254,6.146006571774756e-14
348865.97082715214,3198.321935588866,121,23.998040546022246,0.4972214777413159,-6.086860172948146e-08,4.7707478670997576e+16,9721.05300906865,1865016.047466991,1.4368199227698727e-05,6.177427808510488e-06,3.314213736282703e+16,0.001501417863424623,nan
352082.1652985953,3216.194471443189,122,23.448743128934776,0.48855536942622346,-6.086860172948146e-08,4.770737375805287e+16,9720.319553561538,1865015.581941884,1.4953430749098778e-05,6.177194759996676e-06,3.3142179491684124e+16,0.0015015311542680295,nan
355373.7005806867,3291.5352820913627,123,22.96523661193923,0.4896901400143933,-6.086860172948146e-08,4.77071572186664e+16,9719.622879843771,1865014.712081746,1.561172027810352e-05,6.176973390404468e-06,3.3142063147359844e+16,0.0015016387795642491,nan
358734.5353342664,3360.834753579698,124,23.434571754979835,0.5102183824833011,-6.086860172948146e-08,4.770683948548568e+16,9718.960492212726,1865013.4789661616,1.6163338667610256e-05,6.176762907933422e-06,3.3141804081021216e+16,0.0015017411225004798,nan
362028.06107634376,3293.5257420774083,125,23.380153788286094,0.49883893831594817,-6.086860172948146e-08,4.77064699461973e+16,9718.35166801303,1865012.0209071029,1.6567446121867918e-05,6.1765694396282385e-06,3.314145982701414e+16,0.0015018352018637596,nan
365329.2525923831,3301.1915160393887,126,22.79713923961269,0.48753184957736445,-6.086860172948146e-08,4.7706062775604824e+16,9717.77359663641,1865010.4177538191,1.6825118049380305e-05,6.1763857381520115e-06,3.3141057693948956e+16,0.0015019245400165744,nan
368714.8688540706,3385.6162616874694,127,21.725553969690555,0.4764973741077975,-6.086860172948146e-08,4.770563142311816e+16,9717.208315289017,1865008.751669853,1.692484457149014e-05,6.176206095850597e-06,3.314062301849302e+16,0.001502011911811036,nan
372267.47632439167,3552.6074703210693,128,20.87684228423997,0.4804674328066702,-6.086860172948146e-08,4.770518907655324e+16,9716.641743992011,1865007.1275982752,1.6855681023171857e-05,6.176026038369415e-06,3.3140181974298244e+16,0.001502099493185282,nan
375964.508867855,3697.0325434633173,129,22.602342322581425,0.5413256951134809,-6.086860172948146e-08,4.7704778695336936e+16,9716.081342435153,1865005.73827567,1.660381541998848e-05,6.175847936479725e-06,3.3139793384677068e+16,0.0015021861308805492,nan
379379.3038580395,3414.7949901845036,130,23.948893609125303,0.5297878703748012,-6.086860172948146e-08,4.770453152970281e+16,9715.596139683192,1865004.8685662022,1.6225003477047705e-05,6.175693729463533e-06,3.313959732920436e+16,0.0015022611509651824,5.320315408961859e-14
382602.09847182396,3222.794613784465,131,24.944328371579473,0.5207824791136673,-6.086860172948146e-08,4.77044207350376e+16,9715.171168182811,1865004.5113639352,1.576577026374746e-05,6.175558661965225e-06,3.3139570842041476e+16,0.0015023268644934608,nan
385696.28341759,3094.1849457660524,132,25.622200369418007,0.5135876979275752,-6.086860172948146e-08,4.770443201030462e+16,9714.798250633132,1865004.6566775723,1.5286815925608872e-05,6.175440136194312e-06,3.313970176270595e+16,0.001502384533632713,nan
388708.60727021703,3012.3238526270015,133,25.982890571814206,0.5070386266049717,-6.086860172948146e-08,4.770455669200821e+16,9714.473358986048,1865005.2947781244,1.477137895795214e-05,6.1753368728202116e-06,3.3139982570682044e+16,0.0015024347795047895,nan
391679.1145398475,2970.5072696304364,134,26.019112692510596,0.50069703793341,-6.086860172948146e-08,4.770478912316068e+16,9714.195016808098,1865006.417828869,1.4264205069596633e-05,6.1752484033291885e-06,3.3140408199192436e+16,0.001502477828977034,nan
394645.48646196927,2966.3719221217943,135,25.707317208902126,0.49400833749995215,-6.086860172948146e-08,4.770512590618077e+16,9713.96392052817,1865008.021851864,1.3782663808371038e-05,6.175174949717301e-06,3.314097549377114e+16,0.001502513573091362,nan
397647.83652060776,3002.350058638516,136,25.048523924442645,0.487186658197236,-6.086860172948146e-08,4.770556561318771e+16,9713.782847327248,1865010.1092282806,1.3833660416414954e-05,6.175117395256817e-06,3.314168313659522e+16,0.00150254158122644,nan
400729.15043604653,3081.3139154387763,137,23.97396126945251,0.47855037969040637,-6.086860172948146e-08,4.770610798447094e+16,9713.657084274564,1865012.687832411,1.4225326779713635e-05,6.175077420916224e-06,3.314253056607757e+16,0.0015025610346840203,nan
403948.5752303934,3219.424794346839,138,22.660601522713314,0.47260862041158225,-6.086860172948146e-08,4.7706753582133416e+16,9713.594470230346,1865015.778963671,1.4543044858610683e-05,6.175057518669809e-06,3.314351835622193e+16,0.0015025707202255935,nan
407354.59096445167,3406.015734058265,139,22.774800090989096,0.5025197603020669,-6.086860172948146e-08,4.77074962435616e+16,9713.606217058843,1865019.3824165335,1.5106136735711736e-05,6.17506125247401e-06,3.3144636601802804e+16,0.0015025689031413758,nan
410743.52808008954,3388.937115637894,140,22.574314214846158,0.4955985151276419,-6.086860172948146e-08,4.770828932765484e+16,9713.695906417193,1865023.1771182234,1.5692888940003125e-05,6.175089760732976e-06,3.3145802827417056e+16,0.0015025550294889473,8.672620992472489e-14
414162.56285541074,3419.034775321179,141,22.330178373964834,0.49459261888184486,-6.086860172948146e-08,4.770910711250918e+16,9713.857241941701,1865027.069446255,1.6228208307350242e-05,6.175141041791098e-06,3.3146981911243616e+16,0.0015025300738510637,nan
417618.97793804057,3456.415082629818,142,23.41730743696978,0.5243421491042016,-6.086860172948146e-08,4.7709915800758536e+16,9714.079816934913,1865030.9150340832,1.668028154571209e-05,6.175211787328539e-06,3.3148126552619484e+16,0.0015024956469545084,nan
420914.9318190464,3295.9538810057875,143,24.44962934251843,0.5220418574664756,-6.086860172948146e-08,4.77106575263951e+16,9714.333807659661,1865034.3621982206,1.700541579482179e-05,6.175292517376809e-06,3.314915035287695e+16,0.001502456362741524,nan
424071.722633677,3156.7908146306513,144,25.041808225601393,0.5121101811971676,-6.086860172948146e-08,4.771131014090856e+16,9714.601289581173,1865037.353698516,1.7269882809058654e-05,6.175377534413025e-06,3.315003050329933e+16,0.001502414994094174,nan
427153.8628942465,3082.1402605694884,145,25.73931919424862,0.5139269289654197,-6.086860172948146e-08,4.7711866167546984e+16,9714.873628366138,1865039.9011793523,1.7398466460793428e-05,6.1754640939628e-06,3.3150763677881412e+16,0.0015023728766267053,nan
430152.4800972544,2998.617203007934,146,26.260105992617635,0.5101165612508777,-6.086860172948146e-08,4.7712315668175064e+16,9715.141089901903,1865041.9729441134,1.7477642418086415e-05,6.175549102157744e-06,3.3151340478335708e+16,0.0015023315157289938,nan
432000.0,1847.519902745611,147,26.471144736949654,0.31682086018700406,-6.086860172948146e-08,4.771256065051981e+16,9715.305966335873,1865043.0375141785,1.7473182031763273e-05,6.175601504803489e-06,3.3151641478716828e+16,0.0015023060199737585,nan
434915.7169475127,2915.7169475127193,148,26.576654042963273,0.5019929116602643,-6.086860172948146e-08,4.771283871929828e+16,9715.561264339152,1865044.3792540918,1.7401293882292814e-05,6.175682645242157e-06,3.315197396207165e+16,0.0015022665435382979,nan
437819.8584998998,2904.141552387099,149,26.399238932856704,0.4966622000305275,-6.086860172948146e-08,4.771301769393153e+16,9715.812218285162,1865045.3156982495,1.7307888032243378e-05,6.175762403985843e-06,3.3152167654068964e+16,0.0015022277408413551,nan
440743.5172283158,2923.658728416009,150,25.94345032994287,0.49136739123288603,-6.086860172948146e-08,4.771310435824449e+16,9716.064328435059,1865045.884914199,1.7521071045549093e-05,6.175842529159649e-06,3.315223275473563e+16,0.0015021887613895812,8.197281875384908e-14
443718.5403785907,2975.0231502748693,151,25.22707784504912,0.4861935772654931,-6.086860172948146e-08,4.771310696101312e+16,9716.325284447732,1865046.129833334,1.812938070210376e-05,6.1759254646140486e-06,3.315218064936886e+16,0.001502148416384862,nan
446778.045161652,3059.5047830612484,152,24.284508265383337,0.4813182964460792,-6.086860172948146e-08,4.771303570466026e+16,9716.604906504721,1865046.1021322638,1.865852748862524e-05,6.176014331161186e-06,3.315202472040582e+16,0.0015021051879286127,nan
449956.30038865225,3178.2552270002857,153,23.799009802910867,0.4900039470190852,-6.086860172948146e-08,4.7712903678657416e+16,9716.915035855305,1865045.8686691134,1.911529862340644e-05,6.176112891720612e-06,3.3151781840002108e+16,0.0015020572460762117,nan
453199.39184366504,3243.091455012806,154,24.26587095914782,0.5098084155623116,-6.086860172948146e-08,4.771274073740918e+16,9717.259543251888,1865045.5303866544,1.9445253742814454e-05,6.176222375939964e-06,3.3151490757832564e+16,0.0015020039934251878,nan
456380.0881170246,3180.696273359593,155,24.299284095342962,0.500688480051909,-6.086860172948146e-08,4.771259296894285e+16,9717.630188764415,1865045.219492011,1.961922156537542e-05,6.176340164667799e-06,3.3151212195968036e+16,0.0015019467046593936,nan
459556.41072088183,3176.3226038572257,156,23.8863830450199,0.49150384330865543,-6.086860172948146e-08,4.771248043595566e+16,9718.033960239847,1865045.0441515774,1.965706529931093e-05,6.176468478054306e-06,3.315097393745802e+16,0.0015018843007575918,nan
462787.6393746348,3231.2286537529203,157,23.01221001470058,0.4817014357370113,-6.086860172948146e-08,4.771242218813264e+16,9718.476442820967,1865045.1118592438,1.9552205783748208e-05,6.176609090271586e-06,3.3150803210495308e+16,0.0015018159199114939,nan
466141.61386384204,3353.9744892072886,158,21.661759840276616,0.47065796432499807,-6.086860172948146e-08,4.771243690825604e+16,9718.961847841445,1865045.543564543,1.927149906622029e-05,6.176763338709784e-06,3.3150728880369988e+16,0.0015017409130333138,nan
469704.68380362034,3563.0699397782923,159,22.00132075653132,0.5078377961614953,-6.086860172948146e-08,4.771254172487149e+16,9719.492120533123,1865046.4915337798,1.8851351028405656e-05,6.176931840464262e-06,3.3150782530363468e+16,0.0015016589815716405,nan
473212.76253142464,3508.078727804277,160,22.758724190695588,0.5172126810600546,-6.086860172948146e-08,4.771277693203247e+16,9720.011798016758,1865047.9731775143,1.833568648393016e-05,6.177096970979772e-06,3.3151022631241104e+16,0.0015015786958294996,7.711835915823645e-14
476604.0934638123,3391.3309323877024,161,22.945955094498135,0.5041133875131517,-6.086860172948146e-08,4.771313619168383e+16,9720.490839065991,1865049.936437565,1.772385672364559e-05,6.177249185124041e-06,3.3151447603018744e+16,0.0015015046956739658,nan
479967.7523314309,3363.6588676185734,162,22.834149400523753,0.49756371670924276,-6.086860172948146e-08,4.77136036711421e+16,9720.91976256213,1865052.3741190305,1.7935828868944025e-05,6.17738547135346e-06,3.315204532573839e+16,0.0015014384436464554,nan
483347.8811015359,3380.1287701050023,163,23.819927995703186,0.5215856211214248,-6.086860172948146e-08,4.771416693899734e+16,9721.280413734983,1865055.2563054222,1.846010994229686e-05,6.17750006239558e-06,3.3152807266806884e+16,0.0015013827415668298,nan
486588.1245373477,3240.243435811769,164,24.43904000924796,0.5129956734893669,-6.086860172948146e-08,4.771479207169734e+16,9721.539415522688,1865058.3441687415,1.8997133084078244e-05,6.177582354688095e-06,3.315368531088005e+16,0.0015013427416452666,nan
489746.2831761641,3158.158638816406,165,24.673019371493982,0.5047869998608268,-6.086860172948146e-08,4.7715456036606776e+16,9721.692534725273,1865061.5626292324,1.9518531865057054e-05,6.177631004532477e-06,3.3154650173936708e+16,0.0015013190951040304,nan
492874.49234130414,3128.2091651400806,166,25.01670624045954,0.5069648319849056,-6.086860172948146e-08,4.771614154321785e+16,9721.735218154328,1865064.8488868808,2.0021374712058904e-05,6.177644566069439e-06,3.315567920868427e+16,0.0015013125035392893,nan
495959.7252487746,3085.2329074704135,167,25.288101639016425,0.505424283195962,-6.086860172948146e-08,4.7716823912499944e+16,9721.665339587875,1865068.080022154,2.0441625537474924e-05,6.177622363977304e-06,3.3156734646994296e+16,0.0015013232948555796,nan
499011.84701067477,3052.121761900203,168,25.350174494553205,0.5012273134698456,-6.086860172948146e-08,4.77174830633472e+16,9721.48808389863,1865071.165445898,2.0838081107619494e-05,6.177566045246756e-06,3.3157784253871988e+16,0.0015013506690696,nan
502056.4952968698,3044.6482861950244,169,25.214417595445532,0.49732236756127973,-6.086860172948146e-08,4.771810286031606e+16,9721.212631197173,1865074.0402760245,2.1153118464690462e-05,6.177478525759269e-06,3.3158801171040176e+16,0.001501393210171551,nan
505117.5362682673,3061.0409713975564,170,24.855181035074683,0.49287636609072943,-6.086860172948146e-08,4.771866749518377e+16,9720.851801731447,1865076.6437338523,2.1398074540066828e-05,6.177363877667258e-06,3.315975819160533e+16,0.0015014489405664711,1.1002427424838984e-13
508222.8190348933,3105.2827666259773,171,24.287649049340825,0.48858322566765905,-6.086860172948146e-08,4.7719161190274536e+16,9720.42124777578,1865078.920639795,2.1535941289012047e-05,6.177227072891371e-06,3.3160627982057676e+16,0.001501515445377746,nan
511400.66326233535,3177.844227442054,172,23.789678381388956,0.48974847942383737,-6.086860172948146e-08,4.771956664270431e+16,9719.939530727235,1865080.8145202557,2.1555732279111127e-05,6.177074007896274e-06,3.3161380859608596e+16,0.0015015898599959033,nan
514645.0268090896,3244.3635467542604,173,24.28134290328923,0.5103335680713722,-6.086860172948146e-08,4.771986484648163e+16,9719.433573151535,1865082.253530351,2.1481474551096383e-05,6.176913236419642e-06,3.3161981674945468e+16,0.0015016680271812172,nan
517823.69635949284,3178.6695504032796,174,24.554908469519358,0.50563324621953,-6.086860172948146e-08,4.7720047530609224e+16,9718.951013039004,1865083.1618900478,2.131041014702865e-05,6.1767598957479595e-06,3.316240037931651e+16,0.0015017425871919846,nan
520966.95243904187,3143.2560795490112,175,24.538938817900473,0.49967481752907555,-6.086860172948146e-08,4.7720117820112984e+16,9718.508216223878,1865083.5756495257,2.1014124088532105e-05,6.176619187107748e-06,3.3162640029551684e+16,0.0015018110099190075,nan
524112.25411253085,3145.3016734889875,176,24.181271130819944,0.4927122421687686,-6.086860172948146e-08,4.772007965992807e+16,9718.1159425312,1865083.5315171105,2.062828072072691e-05,6.176494530647472e-06,3.3162706470723636e+16,0.0015018716308206359,nan
527304.0782690044,3191.8241564734944,177,24.970392934786616,0.5163167974027822,-6.086860172948146e-08,4.771993633309286e+16,9717.782029905407,1865083.063377365,2.0200033525061186e-05,6.176388418144009e-06,3.316260560757184e+16,0.0015019232366189864,nan
530395.0334466485,3090.9551776440953,178,25.463356647943723,0.5098709642744619,-6.086860172948146e-08,4.77197219106539e+16,9717.528554484163,1865082.2657869153,1.9708510801204633e-05,6.176307866179565e-06,3.3162376855740076e+16,0.0015019624133111819,nan
533426.1485661792,3031.115119530757,179,25.589837416292806,0.5024835839614118,-6.086860172948146e-08,4.7719453606132216e+16,9717.35056312635,1865081.22797224,1.9210434828883218e-05,6.1762513016708415e-06,3.316204925917264e+16,0.0015019899245476646,nan
536442.2820442468,3016.1334780675456,180,25.38909292807274,0.49607765213677646,-6.086860172948146e-08,4.77191463787182e+16,9717.243754392537,1865080.026484101,1.9128031114693477e-05,6.176217358293494e-06,3.3161647702469384e+16,0.001502006433924819,1.1043730582191442e-13
539482.2632498867,3039.9812056399082,181,24.912481281062576,0.49061385043647676,-6.086860172948146e-08,4.771881522350275e+16,9717.205539483315,1865078.736029756,1.942131016274877e-05,6.176205213706833e-06,3.316119606281231e+16,0.0015020123408740226,nan
542580.4036743115,3098.1404244248056,182,24.192899919216735,0.4855578142994364,-6.086860172948146e-08,4.7718476245854424e+16,9717.234377742157,1865077.437520715,1.958730428918506e-05,6.17621437842357e-06,3.3160719281605496e+16,0.0015020078832867106,nan
545770.6936183574,3190.2899440459087,183,23.260746518532113,0.4807349800189889,-6.086860172948146e-08,4.771814698896795e+16,9717.32919369834,1865076.2235380718,1.962992849756081e-05,6.176244510569232e-06,3.316024438181468e+16,0.0015019932275813404,nan
549088.8315494893,3318.1379311319233,184,22.464617940963834,0.482886865283236,-6.086860172948146e-08,4.7717846755978584e+16,9717.48924350792,1865075.204352677,1.9524914949704577e-05,6.176295373448725e-06,3.3159801425675504e+16,0.0015019684893260111,nan
552524.5617066822,3435.730157192905,185,22.977685709920532,0.511419463493771,-6.086860172948146e-08,4.77176050268013e+16,9717.711296073545,1865074.52119625,1.922906032929319e-05,6.176365939742379e-06,3.315943407716127e+16,0.0015019341689036009,nan
555883.5755910205,3359.0138843383615,186,24.457469140310646,0.5322004454467584,-6.086860172948146e-08,4.771747663411496e+16,9717.976887683611,1865074.3126150738,1.8799326438441105e-05,6.176450341291068e-06,3.315921518957244e+16,0.0015018931211506846,nan
559039.354502027,3155.7789110065664,187,25.4268293229163,0.5198172627152162,-6.086860172948146e-08,4.771747570996611e+16,9718.26644327039,1865074.5924705344,1.8266563862854145e-05,6.176542356964789e-06,3.3159165222191116e+16,0.0015018483722701603,nan
562074.8240192595,3035.4695172325123,188,25.93617843522198,0.5100159777264603,-6.086860172948146e-08,4.77175832277468e+16,9718.580631430748,1865075.330088441,1.767195192963072e-05,6.176642198886565e-06,3.31592620661373e+16,0.0015017998196064416,nan
565050.6812960884,2975.8572768288273,189,26.029401828138504,0.50179716902298,-6.086860172948146e-08,4.771778981398566e+16,9718.925053002833,1865076.5106844623,1.7034109538379076e-05,6.176751646451449e-06,3.315949388201495e+16,0.001501746598468095,nan
568015.8806440869,2965.199347998461,190,25.73547638142212,0.4943539723145186,-6.086860172948146e-08,4.771809080773909e+16,9719.309293986356,1865078.130217993,1.633191660208568e-05,6.176873745225604e-06,3.3159853797061576e+16,0.0015016872287564678,1.0491890379510848e-13
571014.9455996244,2999.0649555375044,191,25.051880541760543,0.48671880346160884,-6.086860172948146e-08,4.771848396544088e+16,9719.747123448074,1865080.1923886577,1.6152067082735035e-05,6.177012869661771e-06,3.3160337192270984e+16,0.0015016195847218357,nan
574095.8466601627,3080.901060538195,192,23.99937233280643,0.4789934291120456,-6.086860172948146e-08,4.771896819912152e+16,9720.257866990874,1865082.7088787241,1.6295274518585458e-05,6.177175159274518e-06,3.316094003633362e+16,0.0015015406832649882,nan
577311.8626567178,3216.0159965550524,193,23.101284404925185,0.4812893454998074,-6.086860172948146e-08,4.771954146110778e+16,9720.86786243285,1865085.695533046,1.64928066167226e-05,6.177368980756871e-06,3.3161655914291668e+16,0.0015014464598905226,nan
580652.9048246213,3341.042167903486,194,25.062780849333535,0.5424542724557376,-6.086860172948146e-08,4.7720189594619e+16,9721.596350429458,1865089.0899052294,1.6708372861441466e-05,6.177600444393096e-06,3.316245997246526e+16,0.0015013339489731636,nan
583732.4659393105,3079.5611146892606,195,26.71439193517622,0.5329494778686262,-6.086860172948146e-08,4.772084402503185e+16,9722.363532058542,1865092.3824729798,1.689676666769594e-05,6.177844192842636e-06,3.3163252111704344e+16,0.001501215480267383,nan
586621.6339022899,2889.167962979394,196,28.05817021168516,0.5251508303046852,-6.086860172948146e-08,4.772148067474388e+16,9723.171956743618,1865095.523023574,1.7055337526065865e-05,6.178101034603033e-06,3.316400117240122e+16,0.0015010906630104975,nan
589372.432145628,2750.798243338146,197,29.132201936856962,0.5191393757516752,-6.086860172948146e-08,4.772208632880258e+16,9724.024464597467,1865098.481685779,1.7169067193869746e-05,6.1783718703053645e-06,3.3164688943383876e+16,0.0015009590619862287,nan
592021.8153092102,2649.383163582222,198,29.888808130159088,0.5129857364531188,-6.086860172948146e-08,4.772265225563003e+16,9724.923704414192,1865101.2366461544,1.7235351431305786e-05,6.1786575395552174e-06,3.3165302689936012e+16,0.0015008202719871669,nan
594604.1319072316,2582.3165980213817,199,30.37111987231591,0.5080684338441409,-6.086860172948146e-08,4.772317319565634e+16,9725.875292140176,1865103.7779958602,1.725558826223897e-05,6.178959824232954e-06,3.3165833728137664e+16,0.0015006734304837718,nan
597145.4397567305,2541.307849498827,200,30.550950865234466,0.5029605591376708,-6.086860172948146e-08,4.772364459824811e+16,9726.885494463457,1865106.0961298177,1.789673858937272e-05,6.179280712446384e-06,3.316627407349151e+16,0.0015005175754789172,1.440115970707917e-13
599671.7887947703,2526.349038039798,201,30.420504196091848,0.497865096413561,-6.086860172948146e-08,4.772406305539043e+16,9727.963911533574,1865108.1864364434,1.847441669102036e-05,6.179623250513209e-06,3.316661664654652e+16,0.0015003512319581018,nan
602208.9711120673,2537.182317297092,202,30.009408078654378,0.4932431080894069,-6.086860172948146e-08,4.772442545042039e+16,9729.123493980358,1865110.0460124705,1.8999055010913026e-05,6.179991547989685e-06,3.3166854068707852e+16,0.001500172409996014,nan
604780.9100562575,2571.9389441901676,203,29.257563268066693,0.4874731815999651,-6.086860172948146e-08,4.772472830881731e+16,9730.37971156697,1865111.6709372215,1.9492677975409868e-05,6.180390513193849e-06,3.3166977969070936e+16,0.0014999787337962923,nan
607418.9412765071,2638.0312202495447,204,28.185203363577685,0.4816738001271036,-6.086860172948146e-08,4.772496822398705e+16,9731.755033578365,1865113.0609140508,2.0012347277502352e-05,6.180827275531495e-06,3.31669786768486e+16,0.0014997667521175408,nan
610157.3414339927,2738.400157485651,205,26.775136853474308,0.4749856956518268,-6.086860172948146e-08,4.7725140605658184e+16,9733.277058966822,1865114.214167808,2.0506404919602856e-05,6.181310590627693e-06,3.3166843987170348e+16,0.0014995322285280388,nan
613039.9547237759,2882.6132897830976,206,24.979167369477445,0.466461992447971,-6.086860172948146e-08,4.772523911831197e+16,9734.981781621955,1865115.1295164155,2.0973065375577053e-05,6.181851875889993e-06,3.316655797153218e+16,0.0014992696408191537,nan
616129.8241412768,3089.869417500959,207,22.80906121191689,0.45656167946950366,-6.086860172948146e-08,4.772525336088352e+16,9736.918711271488,1865115.8071524415,2.1377908746937898e-05,6.182466834239176e-06,3.3166097395904156e+16,0.0014989713965895305,nan
619513.6707894353,3383.846648158465,208,22.561608734884423,0.4945755663783483,-6.086860172948146e-08,4.772516326615323e+16,9739.15130018023,1865116.247855001,2.1719062414217434e-05,6.18317558595837e-06,3.316542606431386e+16,0.001498627774562169,nan
622934.6309805518,3420.960191116514,209,23.136194888008568,0.5127337141574423,-6.086860172948146e-08,4.772500293616755e+16,9741.495374790195,1865116.450510986,2.192727059076102e-05,6.1839196422135845e-06,3.3164631772548908e+16,0.0014982671630563392,nan
626270.6318096938,3336.000829141946,210,23.364708999810873,0.5049384549384295,-6.086860172948146e-08,4.772481358538734e+16,9743.823420454797,1865116.4950637948,2.198261102880441e-05,6.1846585219614e-06,3.3163800889318064e+16,0.0014979091891663312,1.687808794806589e-13
629574.0055144641,3303.3737047703435,211,24.87840648556339,0.5323928169994493,-6.086860172948146e-08,4.772461041753957e+16,9746.122741068568,1865116.4722478488,2.1897290665948915e-05,6.185388198259127e-06,3.3162961690102028e+16,0.0014975558000732826,nan
632676.3893176379,3102.383803173814,212,25.98142999019958,0.5221682909087497,-6.086860172948146e-08,4.772443783249592e+16,9748.23702562309,1865116.4651648265,2.1691223814145378e-05,6.186059078459458e-06,3.3162209546953724e+16,0.0014972309968202117,nan
635647.0635783965,2970.674260758553,213,26.65130956971379,0.5128915071219501,-6.086860172948146e-08,4.772430006311283e+16,9750.190166179871,1865116.5372693052,2.1441927049169882e-05,6.186678761675362e-06,3.316154713845586e+16,0.0014969310741999428,nan
638543.0700627193,2896.00648432283,214,26.954980851327615,0.5056971174496978,-6.086860172948146e-08,4.772420313157756e+16,9752.007302278287,1865116.7410707055,2.1144540696480078e-05,6.187255238306674e-06,3.3160977505383704e+16,0.0014966521441902069,nan
641406.4505175336,2863.3804548143376,215,26.942600218148016,0.4997703460958127,-6.086860172948146e-08,4.7724154900689304e+16,9753.709592740692,1865117.1260377504,2.0842131542789632e-05,6.187795232056736e-06,3.316050634648058e+16,0.0014963909372466982,nan
644271.146749696,2864.696232162391,216,26.630532369445213,0.4942086538386039,-6.086860172948146e-08,4.772416436987223e+16,9755.317352884242,1865117.7419605332,2.0501987137702762e-05,6.188305196010604e-06,3.3160140806546628e+16,0.0014961443191592442,nan
647169.4127046847,2898.265954988648,217,26.042900579872917,0.4889669537690783,-6.086860172948146e-08,4.772424128964965e+16,9756.853037176417,1865118.6410377384,2.017621890341808e-05,6.188792259053668e-06,3.3159888528434804e+16,0.0014959088328481349,nan
650133.075108297,2963.66240361245,218,25.205275071123058,0.48391835221693374,-6.086860172948146e-08,4.772439598563332e+16,9758.341259892384,1865119.8783985425,1.9881450309917476e-05,6.1892642324451845e-06,3.3159757589267492e+16,0.001495680695150675,nan
653195.2263886062,3062.1512803092473,219,24.13014560837241,0.47867253065644194,-6.086860172948146e-08,4.772463869266655e+16,9759.809192405764,1865121.5111423712,1.962192482399721e-05,6.18972973576731e-06,3.3159755731800716e+16,0.0014954557360066217,nan
656393.8131929397,3198.5868043335117,220,22.831140540995385,0.4730833562204798,-6.086860172948146e-08,4.772497817001777e+16,9761.287640492019,1865123.596583255,1.9428005675857646e-05,6.190198538351708e-06,3.3159888646419972e+16,0.0014952292337507302,1.5889630662402932e-13
659774.387421853,3380.5742289132813,221,21.32589178783241,0.4670351827045135,-6.086860172948146e-08,4.7725418826607224e+16,9762.811125695924,1865126.18749105,1.935617383761499e-05,6.190681584661128e-06,3.3160156772663904e+16,0.0014949959034542882,nan
663393.5732499281,3619.1858280751007,222,20.20164611267169,0.47364129748135164,-6.086860172948146e-08,4.77259544342611e+16,9764.41730082303,1865129.3219071769,1.9425185072973044e-05,6.19119080837337e-06,3.3160548358434892e+16,0.0014947499875781762,nan
667214.1710813678,3820.597831439726,223,21.538215320022605,0.5330807004512503,-6.086860172948146e-08,4.7726559038224456e+16,9766.097877569886,1865132.8987727275,1.9641301992251766e-05,6.191723575630672e-06,3.31610321727676e+16,0.001494492766925365,nan
670797.6790082216,3583.507926853859,224,22.68373157653774,0.5265926456648018,-6.086860172948146e-08,4.7727194529082824e+16,9767.66436598048,1865136.3456583354,1.9997944957695716e-05,6.192220133950771e-06,3.3161569329346948e+16,0.001494253087764474,nan
674200.2217102088,3402.5427019872504,225,23.539670770880274,0.5188668075059539,-6.086860172948146e-08,4.772780843013507e+16,9769.134978966284,1865139.5424145437,2.043283927861656e-05,6.192686264658312e-06,3.3162090925747176e+16,0.0014940281478900965,nan
677479.042645337,3278.820935128141,226,24.096199529120877,0.511821082029088,-6.086860172948146e-08,4.7728366380444904e+16,9770.524487128929,1865142.411116041,2.090723068143059e-05,6.193126655858722e-06,3.3162550493100476e+16,0.0014938156757439544,nan
680682.1355329232,3203.09288758625,227,24.29530596210081,0.504131490377545,-6.086860172948146e-08,4.772884356422987e+16,9771.841901022475,1865144.890111666,2.1436998888897747e-05,6.19354416855737e-06,3.3162913840477188e+16,0.001493614283463404,nan
683858.9782304378,3176.842697514738,228,24.11217994989642,0.49623124704644483,-6.086860172948146e-08,4.772922001926805e+16,9773.09500638242,1865146.9293796774,2.1950558480747357e-05,6.193941274582693e-06,3.316315287406506e+16,0.0014934227723747391,nan
687059.9482584472,3200.970028009342,229,23.518824218768096,0.48769593349997226,-6.086860172948146e-08,4.772947631119849e+16,9774.288679480474,1865148.4768825679,2.241421025737208e-05,6.194319522994275e-06,3.3163240534635084e+16,0.0014932403899379336,nan
690341.6754660512,3281.727207603961,230,22.466429703708116,0.4776265491575857,-6.086860172948146e-08,4.772958971212046e+16,9775.424300906847,1865149.469561062,2.2902316789576385e-05,6.194679354685992e-06,3.3163146346510524e+16,0.0014930669186154274,1.8018746080023332e-13
693777.1285552818,3435.4530892306034,231,23.125136726035183,0.5146598064537675,-6.086860172948146e-08,4.772952823695406e+16,9776.498562420851,1865149.821676086,2.3296977063246915e-05,6.195019724709803e-06,3.3162829724530996e+16,0.0014929028573906176,nan
697114.7246198573,3337.5960645755363,232,23.451316116305087,0.5070524856595264,-6.086860172948146e-08,4.772931710124368e+16,9777.41264461121,1865149.4814843845,2.3562368706808617e-05,6.19530932864138e-06,3.3162336947798764e+16,0.0014927632871419765,nan
700405.8987674747,3291.1741476173847,233,23.25803706686899,0.4958791428063666,-6.086860172948146e-08,4.7728964704122536e+16,9778.170408342005,1865148.50735499,2.3665337964489278e-05,6.195549396741462e-06,3.3161681319613224e+16,0.0014926476047770329,nan
703724.4232460315,3318.524478556804,234,22.602955692772507,0.48591709669622885,-6.086860172948146e-08,4.77284724429179e+16,9778.773063824827,1865146.9321776142,2.3629948555279327e-05,6.195740318157641e-06,3.3160867780210812e+16,0.001492555614477527,nan
707139.1255698637,3414.7023238321867,235,22.392836504709578,0.4953519532817092,-6.086860172948146e-08,4.772783794499981e+16,9779.209582022224,1865144.7708365847,2.337816691367959e-05,6.195878603563994e-06,3.3159899372290292e+16,0.001492488990720169,nan
710585.8691440132,3446.743574149417,236,24.754050131862957,0.5527225219247409,-6.086860172948146e-08,4.772710244062863e+16,9779.452851418238,1865142.145459771,2.2994889352168363e-05,6.195955667986194e-06,3.3158837920195908e+16,0.0014924518642161766,nan
713703.8383215191,3117.9691775059673,237,26.638539265906495,0.5380642586567653,-6.086860172948146e-08,4.772641535292128e+16,9779.502539438792,1865139.5010519132,2.2508371799390244e-05,6.195971408354608e-06,3.3157877496785396e+16,0.0014924442813172914,nan
716601.2331283119,2897.3948067929,238,28.085583343569308,0.527160724978543,-6.086860172948146e-08,4.772577128768789e+16,9779.407779823978,1865136.9149260898,2.1926214992190053e-05,6.195941389993044e-06,3.3157006797516536e+16,0.0014924587426679594,nan
719349.3464356062,2748.11330729431,239,29.11779849915277,0.5183762456160592,-6.086860172948146e-08,4.772517100105066e+16,9779.200166930452,1865134.4341336412,2.1246465542289875e-05,6.1958756209722425e-06,3.315622221251765e+16,0.0014924904276394032,nan
722000.0401455662,2650.6937099599745,240,29.840670043441847,0.5124128811508555,-6.086860172948146e-08,4.772461649353729e+16,9778.900929102183,1865132.0906629846,2.0593180981700906e-05,6.1957808251547566e-06,3.3155522584470536e+16,0.0014925360983745418,1.6712431070196223e-13
724586.522460381,2586.4823148148034,241,30.220342635761003,0.5063616633233508,-6.086860172948146e-08,4.77241118249935e+16,9778.525846841236,1865129.915562495,1.987306805042843e-05,6.195662000463629e-06,3.3154910124084084e+16,0.0014925933487027704,nan
727140.5095630373,2553.987102656245,242,30.294294115639303,0.5012235380778045,-6.086860172948146e-08,4.772365990256487e+16,9778.08599648359,1865127.9314103546,1.9097885091441175e-05,6.195522654572672e-06,3.3154386310675092e+16,0.0014926604904438516,nan
729688.2621211582,2547.752558120876,243,30.09364267895161,0.49668829654980956,-6.086860172948146e-08,4.7723264186036504e+16,9777.589659955118,1865126.160496239,1.8892101065947313e-05,6.195365409932405e-06,3.3153953903944772e+16,0.0014927362618713488,nan
732253.0019950576,2564.739873899343,244,29.62555426698963,0.492222802387938,-6.086860172948146e-08,4.772292848565311e+16,9777.043197242008,1865124.625158057,1.8948252599155062e-05,6.195192280172746e-06,3.315361656964189e+16,0.0014928196945299924,nan
734858.2651619171,2605.2631668595286,245,28.878492859396008,0.48739160454415464,-6.086860172948146e-08,4.772265654825607e+16,9776.451214830427,1865123.3468738766,1.892181883355821e-05,6.195004723448887e-06,3.3153378369522576e+16,0.0014929100875553758,nan
737530.9242132524,2672.659051335288,246,27.892468817968027,0.4829280557294186,-6.086860172948146e-08,4.772245180130163e+16,9775.81646784559,1865122.3460407453,1.882829525820023e-05,6.194803611393423e-06,3.315324355185351e+16,0.001493007022699343,nan
740298.0641833029,2767.1399700504885,247,26.663855266921416,0.47797589092839365,-6.086860172948146e-08,4.772231754256483e+16,9775.141182312409,1865121.6435840216,1.8646179125189268e-05,6.194589648011549e-06,3.3153216611436964e+16,0.001493110162492883,nan
743192.7080582018,2894.6438748989517,248,25.234383460949463,0.47319457760961287,-6.086860172948146e-08,4.772225557130345e+16,9774.426274387857,1865121.2575529858,1.8411070748452134e-05,6.194363122270381e-06,3.315330088708878e+16,0.0014932193695458016,nan
746251.3270828761,3058.619024674288,249,23.601672960475888,0.4676490907138624,-6.086860172948146e-08,4.77222647211417e+16,9773.67244179279,1865121.200298032,1.8140228883003265e-05,6.19412425388408e-06,3.315349667162305e+16,0.001493334539911808,nan
749521.5344727861,3270.207389909956,250,21.835009921087224,0.4625733514241306,-6.086860172948146e-08,4.772233674654605e+16,9772.878435477376,1865121.4703096543,1.779539652205483e-05,6.193872645612132e-06,3.3153796923886284e+16,0.001493455867222236,1.1909782323351125e-13
753056.3332023735,3534.7987295873468,251,22.423014317302933,0.5134647155723947,-6.086860172948146e-08,4.772244925999761e+16,9772.041717202539,1865122.0372872162,1.741482988980276e-05,6.193607491522638e-06,3.3154178810296396e+16,0.001493583742425078,nan
756498.4380076149,3442.104805241449,252,22.981464761899414,0.5124526175806244,-6.086860172948146e-08,4.772260079724342e+16,9771.252199187082,1865122.7303425756,1.706405596195509e-05,6.193357284676916e-06,3.3154603734338668e+16,0.001493704424119522,nan
759856.899538646,3358.461531031111,253,23.131426377990515,0.5032626644481714,-6.086860172948146e-08,4.772275130018236e+16,9770.500545739775,1865123.3960298512,1.678304533320235e-05,6.193119068131666e-06,3.31550202146323e+16,0.0014938193361523696,nan
763193.5880795232,3336.6885408772296,254,23.13945460959281,0.5001735351610209,-6.086860172948146e-08,4.772286146980199e+16,9769.759369209783,1865123.9021183397,1.66031091297071e-05,6.192884162993799e-06,3.3155383633964252e+16,0.0014939326637984415,nan
766529.1189566248,3335.5308771015334,255,22.533299043790862,0.48690212072780104,-6.086860172948146e-08,4.772289657248087e+16,9769.005358394472,1865124.1134647098,1.651665685266299e-05,6.192645181072156e-06,3.3155651907944252e+16,0.0014940479714827478,nan
769954.3770681685,3425.2581115437747,256,22.271701399084105,0.4941953097014695,-6.086860172948146e-08,4.7722813322910456e+16,9768.192741135803,1865123.8897232,1.65419617975649e-05,6.192387613652527e-06,3.315577947727738e+16,0.0014941722615330242,nan
773419.8673756472,3465.4903074787208,257,23.530685517909554,0.5282642106291264,-6.086860172948146e-08,4.772258510236861e+16,9767.304637767184,1865123.0932883983,1.6691514851048994e-05,6.192106107879086e-06,3.315572875370732e+16,0.0014943081208583938,nan
776699.9403370083,3280.0729613610956,258,24.8237321512387,0.5274757535717562,-6.086860172948146e-08,4.772224300912904e+16,9766.382100131083,1865121.7364657517,1.6959757507369627e-05,6.191813673782012e-06,3.315551761282507e+16,0.0014944492739965046,nan
779809.1571485398,3109.216811531494,259,26.060792679726855,0.5249168924509691,-6.086860172948146e-08,4.77217964947627e+16,9765.41965565445,1865119.8744358975,1.732729282624208e-05,6.191508574942261e-06,3.315516055857123e+16,0.0014945965615171728,nan
782770.7848426056,2961.6276940657963,260,27.22480559238066,0.5223326459589871,-6.086860172948146e-08,4.772126028920709e+16,9764.417802244961,1865117.5800580122,1.7774799078021033e-05,6.191190967338254e-06,3.3154678383219516e+16,0.001494749910819844,1.2791793387922134e-13
785605.7863660393,2835.0015234337275,261,28.241519821659864,0.5186725709726234,-6.086860172948146e-08,4.77206522341997e+16,9763.383501595488,1865114.934465584,1.8246656168626593e-05,6.190863056214823e-06,3.315409474478709e+16,0.001494908259695857,nan
788338.7258755622,2732.939509522824,262,29.078787237241404,0.514823342030966,-6.086860172948146e-08,4.77199891767113e+16,9762.325714757786,1865112.0135483516,1.8737811161104825e-05,6.190527681145499e-06,3.3153431743162212e+16,0.0014950702389543741,nan
790992.9756797197,2654.2498041575213,263,29.753206868045417,0.5115964195016407,-6.086860172948146e-08,4.771928670073546e+16,9761.25522602915,1865108.887198652,1.9226750722852293e-05,6.190188260397892e-06,3.315270941937361e+16,0.0014952341989986778,nan
793587.0612743209,2594.0855946012043,264,30.203972330526977,0.5075750735791387,-6.086860172948146e-08,4.7718559939284776e+16,9760.185121815128,1865105.6234885692,1.9750230793923495e-05,6.189848942966519e-06,3.3151946715523444e+16,0.001495398136095908,nan
796142.4326170359,2555.3713427150265,265,30.463825435644015,0.5043016379149309,-6.086860172948146e-08,4.771782133506047e+16,9759.126910492772,1865102.280105428,2.026570688692046e-05,6.189513378338013e-06,3.315115933480542e+16,0.001495560286588832,nan
798676.006921177,2533.574304141051,266,30.47793576711637,0.5002315915888857,-6.086860172948146e-08,4.7717083210525096e+16,9758.093070012039,1865098.9149731086,2.0749139902316807e-05,6.189185524267452e-06,3.3150362609724756e+16,0.0014957187366829805,nan
801208.4082596188,2532.401338441719,267,30.277178296140008,0.49670651135118926,-6.086860172948146e-08,4.771635560934146e+16,9757.09330821822,1865095.5773866884,2.1191744585697922e-05,6.188868460796358e-06,3.314956941812262e+16,0.0014958719956915806,nan
803757.6010732512,2549.1928136323754,268,29.837622114391596,0.4927411303416533,-6.086860172948146e-08,4.771564877114393e+16,9756.13691182059,1865092.318442827,2.161935133484735e-05,6.188565134981603e-06,3.3148793032476096e+16,0.0014960186363753806,nan
806344.3475986172,2586.7465253660016,269,29.144255550052257,0.48838100164816906,-6.086860172948146e-08,4.771497192699561e+16,9755.230353594543,1865089.1861362506,2.2023960460090193e-05,6.188277601861831e-06,3.314804604016107e+16,0.0014961576621033198,nan
808992.6350183124,2648.2874196952284,270,28.244331780686544,0.4845608722477027,-6.086860172948146e-08,4.7714333818114344e+16,9754.377166648372,1865086.2279305765,2.236867874575902e-05,6.188006984309808e-06,3.314734112715796e+16,0.0014962885266541683,1.4771920847303217e-13
811725.302440891,2732.6674225786956,271,27.099403038700576,0.479731707748015,-6.086860172948146e-08,4.771374443010115e+16,9753.579208534773,1865083.4985829312,2.264519920199306e-05,6.187753873768579e-06,3.3146693226612456e+16,0.0014964109407489946,nan
814573.4229407915,2848.1204999003976,272,25.78376982484627,0.4757257897530907,-6.086860172948146e-08,4.771321299358794e+16,9752.833578713382,1865081.0532474997,2.2881966849847928e-05,6.187517352287721e-06,3.3146117628212336e+16,0.0014965253453077798,nan
817566.8705961925,2993.447655401043,273,25.000083991316597,0.48480272980147215,-6.086860172948146e-08,4.771275057789045e+16,9752.135249219162,1865078.9597039816,2.3030729182301333e-05,6.187295826759857e-06,3.3145633053124852e+16,0.0014966325082788388,nan
820654.1548371733,3087.284240980725,274,24.300379707803486,0.4860059613448471,-6.086860172948146e-08,4.7712382876467624e+16,9751.492509801217,1865077.3311878692,2.314390665974694e-05,6.187091928621425e-06,3.3145273629561844e+16,0.001496731154173945,nan
823830.3342326253,3176.179395452037,275,24.17984464995508,0.4975198935305175,-6.086860172948146e-08,4.7712119528187576e+16,9750.896374702876,1865076.2142937926,2.336760466209963e-05,6.186902808903447e-06,3.314505540796796e+16,0.0014968226589894508,nan
827022.3466895677,3192.0124569422997,276,24.748188469080358,0.5117524290861466,-6.086860172948146e-08,4.7711972451763944e+16,9750.348296556667,1865075.6350470656,2.3485596107886952e-05,6.186728929818782e-06,3.314499222507672e+16,0.0014969067970902847,nan
830141.05436492,3118.7076753523015,277,26.2277991449209,0.5298933127507318,-6.086860172948146e-08,4.771193991935067e+16,9749.851546197606,1865075.5480817189,2.3481890160773297e-05,6.186571330373711e-06,3.3145077278263044e+16,0.0014969830637888506,nan
833083.823786903,2942.7694219830432,278,27.371267085662055,0.5217987779764318,-6.086860172948146e-08,4.77120040099758e+16,9749.413589743484,1865075.8437031505,2.3338600115301927e-05,6.186432380603168e-06,3.314528058561285e+16,0.0014970503102327995,nan
835903.655440587,2819.8316536839034,279,28.142251620327073,0.514083829810511,-6.086860172948146e-08,4.77121355717728e+16,9749.022557043794,1865076.4112718094,2.3115626752529794e-05,6.1863083156227515e-06,3.3145565626945028e+16,0.001497110356829364,nan
838646.2350454768,2742.5796048898096,280,28.585258330601267,0.5078708469430749,-6.086860172948146e-08,4.771231407614496e+16,9748.673633887987,1865077.1700600137,2.2802439418100068e-05,6.186197608855899e-06,3.3145905532102532e+16,0.0014971639411927261,1.333959950925307e-13
841346.310883062,2700.0758375851547,281,28.73454646013505,0.5026112782995906,-6.086860172948146e-08,4.771252355303805e+16,9748.367493355112,1865078.0560660742,2.2436469611800615e-05,6.1861004745804045e-06,3.314627813722045e+16,0.0014972109585591796,nan
844032.3586839787,2686.0478009167605,282,28.61845895141104,0.49798000102620266,-6.086860172948146e-08,4.77127500239722e+16,9748.108456347843,1865079.013932063,2.2030821322800167e-05,6.1860182844290844e-06,3.3146663087182084e+16,0.0014972507440260414,nan
846729.3021308858,2696.943446907044,283,28.254376733946632,0.4936390317507565,-6.086860172948146e-08,4.771297999558229e+16,9747.903477452634,1865079.991791812,2.1578542138044705e-05,6.185953245664631e-06,3.314704006952233e+16,0.0014972822282117509,nan
849460.9980396776,2731.695908791871,284,27.681561918519193,0.48986325515474527,-6.086860172948146e-08,4.7713199449225176e+16,9747.761499719409,1865080.93781945,2.1108749603977457e-05,6.185908196448679e-06,3.314738761210185e+16,0.0014973040363711694,nan
852249.2209570395,2788.2229173618484,285,26.904540229748,0.48596499556169626,-6.086860172948146e-08,4.771339291361389e+16,9747.693167168547,1865081.7965264732,2.0663685508198195e-05,6.185886514566779e-06,3.3147681846279796e+16,0.001497314532660134,nan
855117.969676419,2868.7487193795896,286,26.29882552846714,0.48874326236188326,-6.086860172948146e-08,4.771354289785704e+16,9747.710332109353,1865082.5075023402,2.0242583915208507e-05,6.185891961000478e-06,3.314789591643332e+16,0.001497311896008608,nan
858052.7914328523,2934.821756433201,287,26.439016070484698,0.5026653384552442,-6.086860172948146e-08,4.771363059015077e+16,9747.823824821158,1865082.9981423097,1.98703413492088e-05,6.1859279721039155e-06,3.31480005592687e+16,0.0014972944629906802,nan
860972.0515567473,2919.2601238950447,288,26.53283507616908,0.5017742529720899,-6.086860172948146e-08,4.771364408107066e+16,9748.033849331416,1865083.2034827957,1.9580801857371845e-05,6.185994612080088e-06,3.3147976885218276e+16,0.0014972622033020946,nan
863880.9892977771,2908.9377410297516,289,26.616819880011743,0.5015826579331151,-6.086860172948146e-08,4.7713576083787224e+16,9748.336560157548,1865083.0957202718,1.938746833728014e-05,6.186090659807822e-06,3.3147815316823496e+16,0.0014972157094745885,nan
864000.0,119.01070222293492,290,26.619420238282963,0.02052279611927802,-6.086860172948146e-08,4.771357268041594e+16,9748.350925890889,1865083.084448294,1.9381716388605667e-05,6.186095217903224e-06,3.3147806858378544e+16,0.001497213503090986,1.4081869821563668e-13
866899.4758202354,2899.4758202353974,291,26.724904664155257,0.5019813434125923,-6.086860172948146e-08,4.771341677895079e+16,9748.742664406245,1865082.6364063274,1.9295170477079296e-05,6.186219511100604e-06,3.3147498751334444e+16,0.0014971533398253154,nan
869787.5072762693,2888.0314560338534,292,26.85528605691143,0.5024393238141471,-6.086860172948146e-08,4.771317846223092e+16,9749.209421496018,1865081.8645322102,1.9309644618474445e-05,6.186367603390754e-06,3.314705473079452e+16,0.0014970816615070407,nan
872661.5174493883,2874.010173119072,293,27.00987661927234,0.5028782147774055,-6.086860172948146e-08,4.771286423057595e+16,9749.738305530085,1865080.7882510158,1.9416110384975312e-05,6.186535402980454e-06,3.314648662753598e+16,0.0014970004508566977,nan
875519.0782749166,2857.560825528331,294,27.173476388579676,0.5030285175236714,-6.086860172948146e-08,4.771248434791906e+16,9750.314517192717,1865079.4415382273,1.9599415085171377e-05,6.1867182130760105e-06,3.3145812237766428e+16,0.0014969119830316622,nan
878359.4349604537,2840.3566855370786,295,27.34177689296319,0.5030967790424903,-6.086860172948146e-08,4.771205164008174e+16,9750.922370393053,1865077.8696069545,1.984006544220599e-05,6.186911055976079e-06,3.3145053493658496e+16,0.0014968186685015137,nan
881182.3080177439,2822.873057290225,296,27.47761900858605,0.5024841493688331,-6.086860172948146e-08,4.77115806784768e+16,9751.545864352927,1865076.1263962178,2.0132950459272203e-05,6.187108854700392e-06,3.3144235192118424e+16,0.0014967229649677542,nan
883991.2255336854,2808.917515941564,297,27.550614152392487,0.5013282654473015,-6.086860172948146e-08,4.771108614977322e+16,9752.170255016008,1865074.2695408901,2.0479877777700916e-05,6.1873069315600166e-06,3.3143382357311828e+16,0.0014966271360578698,nan
886792.7008439149,2801.475310229472,298,27.50012651497204,0.499083729365502,-6.086860172948146e-08,4.771058227855231e+16,9752.782688835416,1865072.3582037268,2.0812967893056694e-05,6.187501209163188e-06,3.314251919849398e+16,0.0014965331541552263,nan
889599.3193984719,2806.618554557028,299,27.272201429869355,0.4958559266085813,-6.086860172948146e-08,4.771008181940798e+16,9753.373486655553,1865070.4497002324,2.110794582118179e-05,6.187688617566701e-06,3.314166734580362e+16,0.0014964425036201629,nan
892429.3940269562,2830.07462848429,300,26.81347492746294,0.49158985196728566,-6.086860172948146e-08,4.770959627127372e+16,9753.936422357532,1865068.600259564,2.138377400075346e-05,6.1878671824796886e-06,3.314084601938802e+16,0.0014963561383954198,2.1865824815846654e-13
895307.8857382463,2878.4917112900716,301,26.113292840127993,0.48694346612609685,-6.086860172948146e-08,4.770913628897883e+16,9754.469138107454,1865066.8672123156,2.1605833245351332e-05,6.188036156786919e-06,3.3140072515566068e+16,0.0014962744186758606,nan
898263.5591495666,2955.673411320268,302,25.200859387543836,0.48252932982886726,-6.086860172948146e-08,4.770871318929038e+16,9754.973050839113,1865065.3154482096,2.171530757959694e-05,6.188195990699384e-06,3.313936434642008e+16,0.0014961971256145987,nan
901326.2469786862,3062.6878291196517,303,25.476001929466506,0.5054589912528671,-6.086860172948146e-08,4.770834032697303e+16,9755.454061266439,1865064.0238344176,2.1679225834612696e-05,6.188348556477368e-06,3.313874099857474e+16,0.0014961233528907219,nan
904355.8575723451,3029.6105936588974,304,25.47232523670495,0.49992784007530433,-6.086860172948146e-08,4.770805908672355e+16,9755.900785428685,1865063.1277972732,2.149394456377622e-05,6.188490244048237e-06,3.313825931221232e+16,0.0014960548451776838,nan
907385.9054620591,3030.047889713989,305,25.17534122407368,0.49417045735182186,-6.086860172948146e-08,4.770787362157464e+16,9756.33574642733,1865062.662092148,2.1170478920394264e-05,6.188628197577799e-06,3.3137919952148708e+16,0.0014959881474413204,nan
910451.6976847989,3065.7922227398185,306,24.62815909393639,0.4891325776825211,-6.086860172948146e-08,4.770778892804757e+16,9756.785415630586,1865062.6635577588,2.06649937843511e-05,6.188770812772619e-06,3.3137723552984624e+16,0.0014959192005730966,nan
913585.6048938272,3133.9072090284258,307,24.603106662221936,0.4994913864325202,-6.086860172948146e-08,4.770781098356184e+16,9757.279880481416,1865063.1715160268,2.072462459100336e-05,6.188927631373024e-06,3.313767100490056e+16,0.001495843392614995,nan
916722.7032444229,3137.0983505956883,308,26.46473524062889,0.5378332013913,-6.086860172948146e-08,4.7707946741799176e+16,9757.83520567554,1865064.1842334652,2.1032695369866588e-05,6.18910374698006e-06,3.3137763796987824e+16,0.0014957582631262433,nan
919639.1263496537,2916.423105230813,309,27.893237465888564,0.5269887873857628,-6.086860172948146e-08,4.770818247801739e+16,9758.424869312594,1865065.5484927485,2.1158904013694045e-05,6.189290747181226e-06,3.3137979648477012e+16,0.0014956678802755885,nan
922406.1900662257,2767.0637165719736,310,28.941154845456257,0.5187844344144207,-6.086860172948146e-08,4.7708489533696e+16,9759.060486429693,1865067.1743182174,2.1178477694301615e-05,6.189492314295573e-06,3.313827836157741e+16,0.0014955704659694142,1.8415403243862346e-13
925073.062405693,2666.8723394672625,311,29.64313143776736,0.5121276534412604,-6.086860172948146e-08,4.770884839988196e+16,9759.74747688566,1865068.9925028328,2.1065023734992923e-05,6.189710165559205e-06,3.313863257833467e+16,0.0014954651924837241,nan
927676.7807575015,2603.7183518084958,312,30.012698949248588,0.5062336111867449,-6.086860172948146e-08,4.770924366193155e+16,9760.487354443243,1865070.9448825216,2.0885821465976345e-05,6.189944779254859e-06,3.313902114356281e+16,0.0014953518312248151,nan
930248.4376904585,2571.6569329569943,313,30.05118000614318,0.5006410795803413,-6.086860172948146e-08,4.770966183291739e+16,9761.279304250884,1865072.9796028605,2.0602968564143426e-05,6.190195895104185e-06,3.3139426041847508e+16,0.0014952305106931325,nan
932816.8015721366,2568.363881678134,314,29.799806401235426,0.4958175751358787,-6.086860172948146e-08,4.77100901442209e+16,9762.121264130896,1865075.0479850003,2.025753982499252e-05,6.190462857253683e-06,3.313983058641091e+16,0.001495101550596519,nan
935406.8306579089,2590.0290857723976,315,29.25828803770084,0.4909140623894769,-6.086860172948146e-08,4.771051506905409e+16,9763.009359795346,1865077.0986904062,1.9843646260661725e-05,6.190744435306467e-06,3.314021752643269e+16,0.0014949655481452191,nan
938044.7965303528,2637.965872443825,316,28.414923014830997,0.4855875876643376,-6.086860172948146e-08,4.771092197653403e+16,9763.939527035505,1865079.0780004296,1.9343682439978417e-05,6.191039338768206e-06,3.3140568296673772e+16,0.0014948231294038697,nan
940761.0581682711,2716.2616379182646,317,27.301707966385898,0.48041143648596085,-6.086860172948146e-08,4.7711294338935064e+16,9764.908612904095,1865080.9280207567,1.8849603950865852e-05,6.191346566186878e-06,3.314086176315792e+16,0.0014946747806554922,nan
943588.0741712484,2827.016002977317,318,26.941068688312136,0.49339529822607103,-6.086860172948146e-08,4.771161210943061e+16,9765.913800475628,1865082.580978592,1.8296953760662654e-05,6.191665222751695e-06,3.3141072217099764e+16,0.0014945209365254195,nan
946452.933253957,2864.859082708561,319,27.125981559353306,0.5034318028208249,-6.086860172948146e-08,4.77118488508806e+16,9766.916073348151,1865083.9137631059,1.7764692869416665e-05,6.191982938994137e-06,3.314117186101933e+16,0.0014943675700194673,nan
949298.2631145818,2845.329860624822,320,27.051994617363455,0.49863623475102703,-6.086860172948146e-08,4.77119905135932e+16,9767.886831618907,1865084.85592505,1.7243986908740844e-05,6.1922906497010064e-06,3.314114754517897e+16,0.0014942190558420252,1.7955785382998416e-13
952151.3749246828,2853.1118101009215,321,26.802149661383396,0.4953821343025905,-6.086860172948146e-08,4.771203205348356e+16,9768.83169371394,1865085.3987196954,1.679010373899895e-05,6.192590137160956e-06,3.3140991976459416e+16,0.0014940745318096937,nan
955031.0829445507,2879.7080198679278,322,26.394896580799863,0.49240260416181647,-6.086860172948146e-08,4.7711970857015256e+16,9769.75672732797,1865085.539177922,1.6408184026198583e-05,6.192883325671771e-06,3.3140700767846908e+16,0.0014939330677791799,nan
957955.2226582001,2924.1397136494224,323,25.875539254389718,0.4901617851613797,-6.086860172948146e-08,4.7711807297476376e+16,9770.670199724733,1865085.284650811,1.6101657116539107e-05,6.193172836245338e-06,3.3140272967712396e+16,0.0014937933980746323,nan
960938.0538398339,2982.831181633923,324,25.306715326575052,0.4890084623508249,-6.086860172948146e-08,4.771154556696038e+16,9771.580866389108,1865084.6553402056,1.5886586354991064e-05,6.1934614441158135e-06,3.3139712576565484e+16,0.0014936541833590513,nan
963987.9306940038,3049.8768541698337,325,24.74872759452677,0.4889755006754604,-6.086860172948146e-08,4.771119507454792e+16,9772.496283235709,1865083.6891575744,1.5775584252799878e-05,6.193751543857309e-06,3.3139030831406004e+16,0.0014935142686266418,nan
967106.5704315334,3118.639737529588,326,24.226589500991995,0.4894512133696472,-6.086860172948146e-08,4.771077161854624e+16,9773.421392986686,1865082.4463425835,1.5775847370310503e-05,6.194044701520611e-06,3.313824815375996e+16,0.0014933728990327634,nan
970292.4239470034,3185.8535154700944,327,23.74571269287732,0.49007543327353226,-6.086860172948146e-08,4.7710296937604056e+16,9774.358145049227,1865081.0097136628,1.5887097007962764e-05,6.194341534374238e-06,3.313739377705325e+16,0.0014932297775998719,nan
973542.7945013788,3250.3705543753836,328,23.2704343386039,0.489992333344116,-6.086860172948146e-08,4.770979730659383e+16,9775.304857162748,1865079.4812614531,1.610044068527477e-05,6.19464150886297e-06,3.313650413263198e+16,0.00149308516229228,nan
976859.5510434578,3316.7565420790834,329,22.737129939614128,0.48854115932625586,-6.086860172948146e-08,4.770930054860069e+16,9776.257032662024,1865077.974426406,1.639863568833916e-05,6.194943199824524e-06,3.3135618862236228e+16,0.0014929397406748738,nan
980254.1028419728,3394.551798514993,330,22.66303223618156,0.4983705572420671,-6.086860172948146e-08,4.770883315808074e+16,9777.208307238498,1865076.6068717006,1.675753942937627e-05,6.195244590663562e-06,3.313477696625213e+16,0.0014927944849357218,2.2110995857579891e-13
983659.7532653246,3405.650423351756,331,23.8720089214133,0.5266728801475561,-6.086860172948146e-08,4.770843847719384e+16,9778.12739352739,1865075.5221740645,1.7137384534386004e-05,6.195535769411864e-06,3.313404300672718e+16,0.0014926541710608846,nan
986892.9275483802,3233.1742830555536,332,24.97452945000102,0.5230923281785211,-6.086860172948146e-08,4.77081686274563e+16,9778.955098262664,1865074.8418509695,1.7483318732207262e-05,6.195797985558732e-06,3.3133495286390628e+16,0.0014925278306785943,nan
989983.3707731107,3090.4432247304294,333,25.875976324179298,0.5180473244948013,-6.086860172948146e-08,4.770801377080113e+16,9779.692214010554,1865074.5614558177,1.7787009986756303e-05,6.1960314938507915e-06,3.313312271990531e+16,0.0014924153357509338,nan
992966.151571896,2982.780798785346,334,26.55204067138474,0.5130635524382844,-6.086860172948146e-08,4.7707962443379144e+16,9780.34043994842,1865074.6584515367,1.8025295783976506e-05,6.196236835782082e-06,3.3132910855093252e+16,0.0014923164207554238,nan
995872.9852230197,2906.833651123698,335,26.965931082547627,0.5077939472955263,-6.086860172948146e-08,4.7708003922144424e+16,9780.899050200587,1865075.1023277694,1.819180322126243e-05,6.196413784223739e-06,3.313284603783453e+16,0.0014922311910390315,nan
998735.2029262882,2862.217703268504,336,27.105886121260376,0.5025950344211056,-6.086860172948146e-08,4.7708128087509384e+16,9781.364543432861,1865075.8583029278,1.8273973851998747e-05,6.196561232548708e-06,3.313291568637354e+16,0.0014921601760474797,nan
1001582.6422235798,2847.439297291543,337,26.973278908596537,0.4975539037522956,-6.086860172948146e-08,4.7708325227329576e+16,9781.72953016304,1865076.8882291769,1.8245239943517684e-05,6.196676842263221e-06,3.3133108448306364e+16,0.0014921044989137091,nan
1004444.0802263948,2861.438002814992,338,26.55500750032375,0.4922465598326,-6.086860172948146e-08,4.7708585307442136e+16,9781.982183745593,1865078.1492364814,1.8101980026555854e-05,6.196756869138319e-06,3.3133413475913548e+16,0.001492065960145174,nan
1007350.5891147333,2906.508888338489,339,25.864492190454254,0.48699839738585876,-6.086860172948146e-08,4.77088971218042e+16,9782.106010377305,1865079.5924218602,1.787664135458699e-05,6.196796090284297e-06,3.3133819502737644e+16,0.0014920470728521983,nan
1010334.6943026972,2984.1051879638967,340,24.920197578397616,0.4817453479251925,-6.086860172948146e-08,4.770924688530903e+16,9782.079280388503,1865081.1585429364,1.750737790638724e-05,6.196787623784186e-06,3.3134313184566404e+16,0.0014920511499405562,1.6704842723513787e-13
1013431.8754180063,3097.181115309163,341,24.236597181228564,0.48628420992613564,-6.086860172948146e-08,4.770961621988227e+16,9781.875190661392,1865082.7729710343,1.723727117096111e-05,6.196722979690868e-06,3.313487657169473e+16,0.0014920822801999481,nan
1016616.4134433924,3184.53802538603,342,23.421997385708593,0.48319483982365957,-6.086860172948146e-08,4.7709977485275e+16,9781.473275029131,1865084.3097032914,1.7691270800660464e-05,6.1965956735573705e-06,3.313547630119724e+16,0.0014921435890821759,nan
1019911.7073527274,3295.2939093350174,343,22.145672570069383,0.4727537153509805,-6.086860172948146e-08,4.771029984630687e+16,9780.857451353815,1865085.6525419133,1.799150138121758e-05,6.196400607319444e-06,3.3136075458320676e+16,0.0014922375376294989,nan
1023396.919422281,3485.2120695535245,344,21.757638118114162,0.491239045670718,-6.086860172948146e-08,4.7710542246195976e+16,9780.00337853076,1865086.6824061268,1.807777937798687e-05,6.196130063917693e-06,3.3136628566041216e+16,0.0014923678524644845,nan
1026944.2881628856,3547.368740604644,345,23.166890266126295,0.5323852281291247,-6.086860172948146e-08,4.771066910945863e+16,9778.954018114215,1865087.218058026,1.7948134377880942e-05,6.195797643375881e-06,3.3137072680466516e+16,0.0014925279955379054,nan
1030275.8688991417,3331.5807362561395,346,24.328996190969004,0.5250811807604125,-6.086860172948146e-08,4.771068789359496e+16,9777.842989303577,1865087.186058481,1.762661992067799e-05,6.195445667837037e-06,3.3137374051477256e+16,0.0014926975872981269,nan
1033448.3123786731,3172.4434795314965,347,25.256841575421003,0.5190687149023522,-6.086860172948146e-08,4.771059489029449e+16,9776.70709353653,1865086.6404852034,1.714295429876252e-05,6.195085793736355e-06,3.3137523646460684e+16,0.001492871014695989,nan
1036504.2117118937,3055.899333220555,348,25.899128578043836,0.5127151093042427,-6.086860172948146e-08,4.771039374663396e+16,9775.570156558164,1865085.631324494,1.654664887525047e-05,6.1947255688243195e-06,3.313752288691873e+16,0.001493044641423981,nan
1039484.3260851246,2980.1143732310015,349,26.23025244242778,0.5063925676762857,-6.086860172948146e-08,4.771009021677973e+16,9774.443933154296,1865084.2000776718,1.6805296687233818e-05,6.194368717727286e-06,3.3137377780289028e+16,0.0014932166718565755,nan
1042426.8202719035,2942.494186778879,350,26.26509607855523,0.500664187967766,-6.086860172948146e-08,4.770969033006382e+16,9773.332490232371,1865082.3789544823,1.7323661629969626e-05,6.194016529764564e-06,3.313709587473495e+16,0.0014933864834436154,1.8373968559235695e-13
1045365.4109056002,2938.5906336966964,351,26.01874980523022,0.49531038697539465,-6.086860172948146e-08,4.770920041393864e+16,9772.236139862649,1865080.1951186701,1.7690499221757623e-05,6.193669104627107e-06,3.313668563792944e+16,0.0014935540269617855,nan
1048331.8242001417,2966.413294541586,352,25.516421091515582,0.4903467938030277,-6.086860172948146e-08,4.77086271897379e+16,9771.15276753159,1865077.6743829625,1.7911231450612353e-05,6.193325772987202e-06,3.3136156530777476e+16,0.001493719624117643,nan
1051356.6357539552,3024.811553813477,353,24.77315776182597,0.48543558818409777,-6.086860172948146e-08,4.770797840599281e+16,9770.079041982417,1865074.8462895763,1.7942425366301327e-05,6.192985479729547e-06,3.3135519782533708e+16,0.0014938837829659823,nan
1054472.2000300814,3115.564276126311,354,23.793847719780405,0.48023445271973714,-6.086860172948146e-08,4.770726298790575e+16,9769.010354964847,1865071.7479330676,1.7803669736956888e-05,6.192646764753502e-06,3.313478889215736e+16,0.0014940472073197914,nan
1057715.9950748577,3243.7950447763287,355,23.318772549659787,0.4900168485627972,-6.086860172948146e-08,4.770649082730361e+16,9767.940309196718,1865068.4280896913,1.7440711350211976e-05,6.192307600565476e-06,3.313397990833213e+16,0.0014942108752826343,nan
1061025.8762088332,3309.8811339755657,356,23.25272999770929,0.4985839187759593,-6.086860172948146e-08,4.770570838097985e+16,9766.89388545942,1865065.0624258278,1.687973748568526e-05,6.191975905704117e-06,3.3133149431444532e+16,0.001494370964840969,nan
1064345.1580883025,3319.2818794691952,357,23.307799706507733,0.5011841557701798,-6.086860172948146e-08,4.770496328879681e+16,9765.888832961728,1865061.833545321,1.6137269872325633e-05,6.1916573079477305e-06,3.313235786380523e+16,0.0014945247574241513,nan
1067656.5974477215,3311.439359419082,358,23.809912130736766,0.5107713390056471,-6.086860172948146e-08,4.770428692909431e+16,9764.926445477624,1865058.875467344,1.6027646575783224e-05,6.191352219470316e-06,3.3131648988637596e+16,0.001494672051101094,nan
1070898.2039226126,3241.606474891175,359,23.979940204438044,0.5035705313141787,-6.086860172948146e-08,4.770371582623663e+16,9764.018390413814,1865056.333918526,1.6052168183490966e-05,6.191064341242363e-06,3.313107022755273e+16,0.0014948110558090397,nan
1074116.8260155611,3218.6220929484152,360,23.780060500259196,0.4958323560760619,-6.086860172948146e-08,4.770324925053787e+16,9763.144469176757,1865054.2354307887,1.5953372874645997e-05,6.190787271727405e-06,3.3130628554449612e+16,0.0014949448597418999,2.0446459464083694e-13
1077362.501750017,3245.675734455973,361,23.40326779091402,0.49207754939603565,-6.086860172948146e-08,4.7702886648810584e+16,9762.286350461422,1865052.60551941,1.5691597679463117e-05,6.190515200205025e-06,3.313033056063756e+16,0.0014950762674999277,nan
1080660.4328773767,3297.931127359538,362,23.779215297747058,0.5080319447307909,-6.086860172948146e-08,4.7702632786012456e+16,9761.435649843015,1865051.4845273765,1.5403003424716136e-05,6.190245468829976e-06,3.313018710614656e+16,0.0014952065620950008,nan
1083906.2239753234,3245.7910979467356,363,24.49939194588245,0.5151429859883482,-6.086860172948146e-08,4.770250583764337e+16,9760.620981590178,1865050.9181498243,1.585478707823234e-05,6.189987151208195e-06,3.313021372293347e+16,0.001495331359207794,nan
1087056.602788809,3150.3788134855354,364,25.467506134705033,0.519757922787657,-6.086860172948146e-08,4.770249869591839e+16,9759.857210786262,1865050.8638382736,1.6168213061809513e-05,6.189744962521547e-06,3.3130395815632224e+16,0.0014954483783823247,nan
1090087.2240408997,3030.621252090656,365,26.130483197424216,0.513016136311355,-6.086860172948146e-08,4.770259353378296e+16,9759.156540562755,1865051.2399111185,1.6411500587248668e-05,6.189522774443672e-06,3.3130704999807412e+16,0.0014955557458730673,nan
1093040.953015081,2953.728974181174,366,26.463915466228922,0.5063801397449392,-6.086860172948146e-08,4.770276901308329e+16,9758.517233171806,1865051.9651245745,1.6552857179340522e-05,6.189320038047029e-06,3.313111290542021e+16,0.0014956537238567165,nan
1095957.4664625365,2916.5134474556507,367,26.44682169684883,0.4996770362760207,-6.086860172948146e-08,4.770300829931659e+16,9757.94135368816,1865052.9729773547,1.6596853221267698e-05,6.189137410147266e-06,3.3131596034474584e+16,0.0014957419920951685,nan
1098875.8649837011,2918.3985211645527,368,26.054408594271905,0.49258109146204737,-6.086860172948146e-08,4.770329690420077e+16,9757.434022902904,1865054.2066609878,1.667750051228439e-05,6.188976516540604e-06,3.3132133302349804e+16,0.0014958197621274957,nan
1101838.218362413,2962.3533787120723,369,25.254756055021062,0.48465417980305553,-6.086860172948146e-08,4.7703620749336664e+16,9757.002931323486,1865055.6141541407,1.7196523388913538e-05,6.18883979795636e-06,3.313270374637072e+16,0.0014958858516129982,nan
1104894.3700497006,3056.1516872874763,370,25.01505984453955,0.4952544342546944,-6.086860172948146e-08,4.7703963838373304e+16,9756.65823231547,1865057.1427790222,1.765763296084766e-05,6.1887304761802034e-06,3.313328368176177e+16,0.0014959387006886632,1.5189831535990124e-13
1107979.806015445,3085.4359657442155,371,25.56073110624658,0.5109068550125044,-6.086860172948146e-08,4.770430049587422e+16,9756.420974349194,1865058.669802489,1.8004305329342565e-05,6.1886552283597785e-06,3.31338299574359e+16,0.0014959750791285371,nan
1110999.3740007568,3019.567985311823,372,25.714809457099015,0.5030139660366519,-6.086860172948146e-08,4.7704603811357304e+16,9756.298514245633,1865060.05554571,1.8213633956729624e-05,6.188616389028208e-06,3.313429982420158e+16,0.0014959938564612363,nan
1114000.849296864,3001.47529610719,373,25.474180443004034,0.49532119780050426,-6.086860172948146e-08,4.770485552445715e+16,9756.280401650029,1865061.2401374185,1.8252429984873506e-05,6.188610644433685e-06,3.3134671395272228e+16,0.0014959966337831903,nan
1117030.6765174991,3029.8272206351903,374,24.828747034066176,0.48733161582210754,-6.086860172948146e-08,4.770503765036542e+16,9756.35849354311,1865062.1638704243,1.813281691580838e-05,6.188635412036387e-06,3.3134922351031656e+16,0.0014959846595195086,nan
1120139.2653328625,3108.5888153634373,375,23.743353856078343,0.4781424093511722,-6.086860172948146e-08,4.770513011767986e+16,9756.527534576966,1865062.761723727,1.782335080169134e-05,6.1886890247033225e-06,3.3135026846325964e+16,0.001495958740175502,nan
1123389.9588025985,3250.6934697360543,376,22.186785348401585,0.467220963872417,-6.086860172948146e-08,4.770510730387763e+16,9756.786683270926,1865062.9572445834,1.7315045733197556e-05,6.188771214807472e-06,3.3134950969257684e+16,0.0014959190062173537,nan
1126868.7126697127,3478.7538671142697,377,23.962142718879686,0.5400093421061111,-6.086860172948146e-08,4.770493090043963e+16,9757.142228489176,1865062.6523319744,1.65882038289168e-05,6.188883975700892e-06,3.3134643750011576e+16,0.0014958644957021746,nan
1130089.7253410367,3221.0126713240265,378,25.261445213289925,0.5271115673930638,-6.086860172948146e-08,4.770467849683964e+16,9757.536078742414,1865061.9065989426,1.6863348720962728e-05,6.189008882608413e-06,3.313420454567543e+16,0.001495804117077316,nan
1133145.0677681193,3055.342427082555,379,26.10873115258246,0.5167703378040853,-6.086860172948146e-08,4.770435968804935e+16,9757.961364090545,1865060.8220209035,1.7207810227682872e-05,6.189143756110104e-06,3.3133654835972536e+16,0.0014957389248152308,nan
1136101.2575913062,2956.1898231868686,380,26.546622386150922,0.5083859156350681,-6.086860172948146e-08,4.770398666012817e+16,9758.418772951652,1865059.4756817434,1.737468452998277e-05,6.189288813869409e-06,3.3133014384984056e+16,0.0014956688146617282,1.9281452997821885e-13
1139008.6845402748,2907.4269489685216,381,26.592352653566873,0.5008613198837644,-6.086860172948146e-08,4.770357149288479e+16,9758.912753893821,1865057.9317771846,1.738993341635635e-05,6.18944546588956e-06,3.3132300688933576e+16,0.0014955931062391947,nan
1141911.1116528767,2902.427112602,382,26.269864140312524,0.49393644260333813,-6.086860172948146e-08,4.770312535761628e+16,9759.450372782554,1865056.2479737594,1.7322276893137214e-05,6.189615951939055e-06,3.313152907353243e+16,0.0014955107184946948,nan
1144849.168923266,2938.057270389371,383,25.602554199438686,0.48729894571761767,-6.086860172948146e-08,4.770265900384672e+16,9760.040485965417,1865054.4816348338,1.712955401134022e-05,6.18980307921663e-06,3.3130714014732964e+16,0.00149542029667817,nan
1147863.8042884858,3014.635365219865,384,24.62524955310041,0.4809139229093068,-6.086860172948146e-08,4.7702183222876696e+16,9760.693421282027,1865052.6954469,1.682558152697033e-05,6.190010121054607e-06,3.3129870243124044e+16,0.0014953202614980108,nan
1150998.0817772541,3134.2774887683804,385,24.271431175139522,0.4928159433024641,-6.086860172948146e-08,4.770170951631901e+16,9761.420514845926,1865050.9644716855,1.647972262160163e-05,6.190240669874834e-06,3.3129014234212764e+16,0.0014952088803996911,nan
1154178.0494014395,3179.967624185332,386,25.139728565145074,0.5178872309535443,-6.086860172948146e-08,4.7701276060376696e+16,9762.203492329265,1865049.437114072,1.6356262574464413e-05,6.190488928919963e-06,3.312820501957456e+16,0.0014950889571787543,nan
1157248.1845912281,3070.1351897886266,387,25.70202321418309,0.511183387433578,-6.086860172948146e-08,4.77009302589821e+16,9762.99607753205,1865048.2632024726,1.7049667518184576e-05,6.190740224149697e-06,3.312751854533721e+16,0.0014949675820010017,nan
1160251.1530613133,3002.9684700850657,388,25.943805765916185,0.5047035704099683,-6.086860172948146e-08,4.770067052465949e+16,9763.797894650977,1865047.4622353988,1.7792551170257995e-05,6.1909944360503e-06,3.3126955070536264e+16,0.001494844813114097,nan
1163226.135453102,2974.9823917886783,389,25.850662860119034,0.49820491051626054,-6.086860172948146e-08,4.770049626345115e+16,9764.609716181585,1865047.0496457973,1.8516684600261866e-05,6.191251809162942e-06,3.3126514986844132e+16,0.0014947205329595924,nan
1166211.8370479597,2985.7015948577045,390,25.406108202789994,0.49140148436938397,-6.086860172948146e-08,4.77004078952517e+16,9765.433605423364,1865047.0408308983,1.9214486381684348e-05,6.19151299718347e-06,3.3126199254635964e+16,0.0014945944265093998,2.4156976097387733e-13
1169249.7822819767,3037.9452340170064,391,24.619163551332523,0.48451268794936786,-6.086860172948146e-08,4.7700406700531e+16,9766.272994351146,1865047.4536954341,1.9908188789963724e-05,6.191779087558552e-06,3.312600952856516e+16,0.0014944659695213696,nan
1172384.8345825414,3135.0523005648056,392,23.501242865261258,0.4772957216084875,-6.086860172948146e-08,4.770049431517604e+16,9767.131661548163,1865048.3090505456,2.0492358046138473e-05,6.192051277407182e-06,3.31259480204189e+16,0.0014943345851037581,nan
1175669.0168605635,3284.1822780221805,393,23.081436068497673,0.4910684128671312,-6.086860172948146e-08,4.770067072828942e+16,9768.012975337786,1865049.6279471167,2.106443138511662e-05,6.192330633581979e-06,3.3126015495976492e+16,0.001494199759558431,nan
1179012.93207886,3343.915218296462,394,23.44873278876545,0.5079565396013005,-6.086860172948146e-08,4.770093322090096e+16,9768.880272341561,1865051.339928947,2.1434952493896637e-05,6.192605534455411e-06,3.312621203817768e+16,0.0014940671020850689,nan
1182304.468812417,3291.5367335570973,395,23.24980370327787,0.49575821245268126,-6.086860172948146e-08,4.7701264580285176e+16,9769.692279546307,1865053.288367359,2.1658625336075373e-05,6.192862899459436e-06,3.3126516159676896e+16,0.0014939429228154918,nan
1185624.168467288,3319.699654870836,396,22.58577358872618,0.48571966191572474,-6.086860172948146e-08,4.770163941315212e+16,9770.454675899447,1865055.3951831844,2.1709826010753996e-05,6.193104530610521e-06,3.3126893378402316e+16,0.0014938263492604285,nan
1189041.4685224036,3417.300055115768,397,22.81799111079098,0.5051407918606939,-6.086860172948146e-08,4.770202924331194e+16,9771.163871494877,1865057.5685060627,2.158559789789577e-05,6.193329292041918e-06,3.3127307437171572e+16,0.0014937179266527264,nan
1192423.9908906012,3382.5223681976763,398,23.338050051545135,0.5113958090839165,-6.086860172948146e-08,4.770239862968433e+16,9771.775549349728,1865059.5750259985,2.1270815879794722e-05,6.1935231411647e-06,3.312771206326665e+16,0.0014936244253056566,nan
1195731.138024107,3307.147133505965,399,23.521470001543943,0.5039296331440224,-6.086860172948146e-08,4.770271409995776e+16,9772.274012287286,1865061.2582291176,2.079753655929186e-05,6.193681106436915e-06,3.312806242887177e+16,0.0014935482386967149,nan
1199012.4960907807,3281.3580666735543,400,23.35477432664273,0.49645652089579717,-6.086860172948146e-08,4.770294693241426e+16,9772.66152594245,1865062.534018215,2.0217696249289247e-05,6.193803908571194e-06,3.3128320406174564e+16,0.0014934890152870422,2.1120354915399974e-13
1202317.2749873826,3304.7788966017924,401,23.85072041870617,0.5106176596940539,-6.086860172948146e-08,4.770306961894656e+16,9772.937516782717,1865063.3197883402,1.9539409327023452e-05,6.193891367912321e-06,3.312844960368425e+16,0.0014934468386858361,nan
1205553.3351136441,3236.0601262615087,402,24.035132582830165,0.5038659663290371,-6.086860172948146e-08,4.770306930578257e+16,9773.093501819254,1865063.5294311743,1.888392321750867e-05,6.1939407978055594e-06,3.3128429650930116e+16,0.0014934230022864755,nan
1208764.566217263,3211.2311036188144,403,23.77499027257818,0.49458829050858194,-6.086860172948146e-08,4.770293481525761e+16,9773.134284231632,1865063.14256564,1.8628754517294105e-05,6.193953721225572e-06,3.312824471228273e+16,0.001493416770366299,nan
1212010.934120875,3246.3679036120384,404,23.09729390189792,0.48574770456453337,-6.086860172948146e-08,4.77026529618923e+16,9773.058269113402,1865062.128426785,1.8301202337283602e-05,6.193929632994185e-06,3.3127877520190384e+16,0.001493428386203352,nan
1215352.553518256,3341.6193973807513,405,23.206817215252094,0.5023709122336876,-6.086860172948146e-08,4.770220676483405e+16,9772.855195989765,1865060.437616406,1.8147512494293508e-05,6.1938652812253885e-06,3.3127307359600516e+16,0.0014934594186049618,nan
1218678.402324393,3325.8488061370203,406,23.011142998458915,0.49578412207546113,-6.086860172948146e-08,4.77016272114292e+16,9772.52740163646,1865058.141427709,1.783836118937224e-05,6.193761405180526e-06,3.312657103310527e+16,0.0014935095128686244,nan
1222032.5323358728,3354.1300114798833,407,23.69033850212025,0.5147579697302916,-6.086860172948146e-08,4.770092037414811e+16,9772.07141783994,1865055.273953161,1.736699647561222e-05,6.1936169037803345e-06,3.3125678506039344e+16,0.0014935792029178165,nan
1225290.500360377,3257.968024504104,408,24.097849772969255,0.5086007903773205,-6.086860172948146e-08,4.770015164532485e+16,9771.513966322857,1865052.0497506307,1.6768437145331994e-05,6.193440242649219e-06,3.312471087206225e+16,0.0014936644095700732,nan
1228493.3738970922,3202.8735367153913,409,24.683314300542722,0.5121476507881253,-6.086860172948146e-08,4.76993393386195e+16,9770.864848667967,1865048.5646732177,1.607129829522592e-05,6.193234525388392e-06,3.3123694491705468e+16,0.0014937636396744447,nan
1231620.2783471923,3126.90445010009,410,25.961636584988884,0.5258944619203357,-6.086860172948146e-08,4.769851988033318e+16,9770.14636816335,1865044.9732959203,1.5447538174727055e-05,6.193006817803688e-06,3.3122677135910932e+16,0.0014938734885971904,3.0249213396131955e-13
1234593.2174790117,2972.939131819346,411,26.80010470254307,0.5161482138232955,-6.086860172948146e-08,4.769774433053173e+16,9769.398014442906,1865041.4915010775,1.4908202897642738e-05,6.192769633616839e-06,3.312172345393223e+16,0.001493987922033254,nan
1237473.1452325128,2879.927753500992,412,27.249442034929327,0.5083831264350176,-6.086860172948146e-08,4.769701224689e+16,9768.623069230722,1865038.1500012295,1.4326325343875314e-05,6.192524011914035e-06,3.3120836085602936e+16,0.001494106440147735,nan
1240305.5836079721,2832.4383754592504,413,27.351948500548094,0.5018808910928776,-6.086860172948146e-08,4.76963250730036e+16,9767.821513365347,1865034.9755419423,1.4230450218478107e-05,6.192269945617568e-06,3.3120019876280876e+16,0.001494229047811988,nan
1243127.4068988445,2821.8232908722975,414,27.143441063121596,0.4961884353975308,-6.086860172948146e-08,4.76956851853077e+16,9766.990281078766,1865031.993645234,1.4416025109939044e-05,6.192006461881228e-06,3.3119281168538452e+16,0.0014943562160994895,nan
1245970.9065549897,2843.499656145291,415,26.67143135454413,0.4913052713640872,-6.086860172948146e-08,4.769509554296649e+16,9766.123217762412,1865029.2298190387,1.4679444445282246e-05,6.191731608489162e-06,3.311862759277883e+16,0.0014944888891599921,nan
1248864.7281989653,2893.8216439754865,416,25.9900768244779,0.4872268848077749,-6.086860172948146e-08,4.769455985816931e+16,9765.211451514962,1865026.7113794975,1.49962540167434e-05,6.19144257139951e-06,3.3118068320579148e+16,0.0014946284278205821,nan
1251834.4141237447,2969.6859247793586,417,25.160659571700528,0.4840435782783794,-6.086860172948146e-08,4.769408240584595e+16,9764.243717947982,1865024.467103469,1.5323258516830835e-05,6.191135777466515e-06,3.3117613727612736e+16,0.001494776560347949,nan
1254901.9952859015,3067.5811621567013,418,24.468600995134945,0.4862472091680781,-6.086860172948146e-08,4.769366751553392e+16,9763.207082542085,1865022.525062185,1.5655915910581426e-05,6.19080712319042e-06,3.3117274443301404e+16,0.0014949352723667827,nan
1258056.3384927295,3154.3432068278967,419,24.0713245498131,0.4918819133672408,-6.086860172948146e-08,4.769332343027457e+16,9762.098669325533,1865020.9207666928,1.597552919431255e-05,6.190455693217218e-06,3.3117062902147428e+16,0.0014951050110746068,nan
1261262.7414129288,3206.402920199317,420,23.43019005934405,0.4866826088206678,-6.086860172948146e-08,4.769305669739391e+16,9760.92594151472,1865019.6695799662,1.6266637222205767e-05,6.190083850141214e-06,3.3116984763814136e+16,0.0014952846406750234,3.297543907403404e-13
1264556.8830794753,3294.1416665463885,421,22.577667477072573,0.4818071774041909,-6.086860172948146e-08,4.769285639610997e+16,9759.673608616773,1865018.7302185844,1.6739085026671945e-05,6.189686741590396e-06,3.311702847879486e+16,0.001495476511245947,nan
1267975.4100556548,3418.5269761796367,422,23.013372154830957,0.5096490188413139,-6.086860172948146e-08,4.769270685723748e+16,9758.328586976064,1865018.0482433073,1.7291938187562212e-05,6.189260213521677e-06,3.3117176060492344e+16,0.001495682637556705,nan
1271329.2151742752,3353.8051186203124,423,23.26633275332655,0.5054959481121174,-6.086860172948146e-08,4.7692616678161544e+16,9756.97597746585,1865017.576480002,1.7714710519936967e-05,6.188831249571974e-06,3.31174080491325e+16,0.001495889984030089,nan
1274646.5564221584,3317.341247883207,424,22.978656792619567,0.4938177631224273,-6.086860172948146e-08,4.7692555541884776e+16,9755.620434041082,1865017.2004017278,1.7987169628795242e-05,6.188401325334828e-06,3.31176812395166e+16,0.0014960978379380736,nan
1278005.4283538884,3358.8719317299765,425,22.133656464244556,0.48161336548082273,-6.086860172948146e-08,4.769248763729694e+16,9754.247057957378,1865016.8040263364,1.811207187434458e-05,6.187965714828399e-06,3.311795236231652e+16,0.001496308485154337,nan
1281492.5325047218,3487.1041508333333,426,21.802394496210304,0.4925167816585257,-6.086860172948146e-08,4.7692370804019464e+16,9752.83916656853,1865016.2611753177,1.8126507377299075e-05,6.18751912484667e-06,3.3118171261260516e+16,0.0014965244878788083,nan
1285032.6191380043,3540.0866332825085,427,23.070065178406363,0.5290718224187808,-6.086860172948146e-08,4.769218205355784e+16,9751.447902983906,1865015.4601338918,1.8001706390402487e-05,6.187077777618614e-06,3.3118289267281252e+16,0.0014967380007893216,nan
1288378.1825221004,3345.563384096076,428,23.80950337666622,0.5160259234757597,-6.086860172948146e-08,4.769194231249044e+16,9750.184042531564,1865014.3819777076,1.7775456812323776e-05,6.186676818890093e-06,3.3118293673879092e+16,0.0014969320143544465,nan
1291619.8446478727,3241.6621257722854,429,24.066801295324435,0.5054032609287931,-6.086860172948146e-08,4.7691625738189544e+16,9749.015736479012,1865012.974624784,1.7411804500333433e-05,6.186306151604528e-06,3.311816055815195e+16,0.0014971114042313224,nan
1294826.8501980694,3207.005550196685,430,24.75012547546085,0.5141964063223717,-6.086860172948146e-08,4.769121552226845e+16,9747.920210111444,1865011.191292753,1.6984369397658877e-05,6.185958554878038e-06,3.311787281310689e+16,0.001497279658072467,3.041957585676764e-13
1296000.0,1173.1498019306455,431,24.92916056824664,0.18945804302608685,-6.086860172948146e-08,4.769105882008023e+16,9747.536092599097,1865010.438823601,1.681508145506766e-05,6.185836674601591e-06,3.3117745243182776e+16,0.00149733866081245,nan
1299096.0675598478,3096.0675598478347,432,25.16656013042511,0.5047614832743478,-6.086860172948146e-08,4.769053977430036e+16,9746.561750574496,1865008.191213966,1.6318103386771002e-05,6.185527505638579e-06,3.3117261423637604e+16,0.0014974883464164224,nan
1302162.9294960676,3066.8619362197464,433,25.044222298504295,0.4975694367588021,-6.086860172948146e-08,4.768994200642146e+16,9745.656275952551,1865005.60762538,1.5825645471636662e-05,6.185240175172138e-06,3.311663908183244e+16,0.001497627478934125,nan
1305244.7726617143,3081.843165646863,434,24.65845902644691,0.49229835793143345,-6.086860172948146e-08,4.768926639753353e+16,9744.80505355807,1865002.6874026784,1.6149031726011423e-05,6.1849700481650425e-06,3.31158817178226e+16,0.0014977582987957493,nan
1308374.828974106,3130.056312391862,435,24.0787996517278,0.48824623683707474,-6.086860172948146e-08,4.7688517483263864e+16,9743.997736884374,1864999.4423904568,1.635158792128649e-05,6.1847138433030605e-06,3.3114996892553096e+16,0.0014978823921381775,nan
1311580.2364880163,3205.407513910185,436,23.129701092153287,0.48029182157536643,-6.086860172948146e-08,4.768770334531334e+16,9743.225572031188,1864995.9006012592,1.6414652264019064e-05,6.184468784067582e-06,3.3113997411637836e+16,0.0014980011015048923,nan
1314917.1739184689,3336.9374304525804,437,23.167182626674826,0.50081024684176,-6.086860172948146e-08,4.768682389996284e+16,9742.472340894277,1864992.072542908,1.6314588035805948e-05,6.184229724402262e-06,3.3112888396474156e+16,0.001498116918212736,nan
1318248.712611513,3331.5386930441,438,23.26558135901724,0.5021236663501136,-6.086860172948146e-08,4.768595203500776e+16,9741.762674163925,1864988.2154189877,1.6054875546070512e-05,6.184004482704905e-06,3.311176559832491e+16,0.0014982260528499257,nan
1321566.1609975458,3317.448386032787,439,23.66517419510098,0.5085876391807607,-6.086860172948146e-08,4.768511533802821e+16,9741.086943401853,1864984.4511600938,1.5651937139067695e-05,6.183790004346746e-06,3.3110674543866348e+16,0.0014983299834932236,nan
1324827.5933746446,3261.4323770988362,440,23.835113579908246,0.5035904951175565,-6.086860172948146e-08,4.768434834282353e+16,9740.441718202686,1864980.9304667425,1.5154547970792434e-05,6.183585201575071e-06,3.310966979626368e+16,0.001498429235692455,3.397405589768206e-13
1328065.7724196417,3238.1790449971645,441,24.020734754866726,0.5038938596691847,-6.086860172948146e-08,4.768365564302679e+16,9739.809038736747,1864977.7058501584,1.4778314167539128e-05,6.183384374393575e-06,3.3108768541627268e+16,0.0014985265708049623,nan
1331278.9283083868,3213.1558887451883,442,24.636553512523644,0.5128184829469496,-6.086860172948146e-08,4.768304954190842e+16,9739.1795564854,1864974.8527171833,1.4879708132669969e-05,6.183184555608953e-06,3.310799579257125e+16,0.001498623426589787,nan
1334411.7677004857,3132.839392098885,443,25.201940014960556,0.5114745453772482,-6.086860172948146e-08,4.7682549740017416e+16,9738.55656348456,1864972.463213959,1.482501059124844e-05,6.1829867903720114e-06,3.310738224080557e+16,0.0014987192962291503,nan
1337474.3242054123,3062.5565049265524,444,25.628084277699063,0.5084545924338668,-6.086860172948146e-08,4.768215236466629e+16,9737.932721730014,1864970.540184094,1.5220100679095884e-05,6.182788749364774e-06,3.310692690645158e+16,0.0014988153087712422,nan
1340485.9564637293,3011.632258317039,445,25.859626108526868,0.5045173456649916,-6.086860172948146e-08,4.768185010500209e+16,9737.300799165252,1864969.0653619352,1.5844877285204394e-05,6.182588136605249e-06,3.3106622447076256e+16,0.001498912577535303,nan
1343470.623179546,2984.66671581676,446,25.82447066518359,0.49932026388943646,-6.086860172948146e-08,4.768163475416044e+16,9736.654050494099,1864968.0103397158,1.6488148746063137e-05,6.18238281034788e-06,3.3106459007736336e+16,0.0014990121414833152,nan
1346459.3529905174,2988.72981097123,447,25.530248669827763,0.4943034264057057,-6.086860172948146e-08,4.768149763751623e+16,9735.985166972594,1864967.3409556618,1.7194018958601133e-05,6.182170449664862e-06,3.3106425566809028e+16,0.001499115126903155,nan
1349482.526259519,3023.173269001572,448,25.000314391877616,0.48962144308103756,-6.086860172948146e-08,4.7681430412042904e+16,9735.287679796913,1864967.0214894018,1.78768952493591e-05,6.181948999972661e-06,3.310651095561121e+16,0.00149922253138983,nan
1352569.7820483765,3087.2557888576835,449,24.199033879834115,0.4839745912894633,-6.086860172948146e-08,4.7681423792171016e+16,9734.555996497797,1864967.0111719978,1.8536388806504763e-05,6.181716684607146e-06,3.31067022627644e+16,0.0014993352182024872,nan
1355759.2633191105,3189.4812707339092,450,23.146553548054733,0.4782536704356522,-6.086860172948146e-08,4.768146518693787e+16,9733.78324221789,1864967.2595659655,1.91217952386923e-05,6.181471319393148e-06,3.310698262326142e+16,0.0014994542487662514,3.1306730982674054e-13
1359093.7712046732,3334.507885562632,451,22.393022327448957,0.4837226043384522,-6.086860172948146e-08,4.768153615732874e+16,9732.962226559086,1864967.7004091858,1.9623149570202427e-05,6.181210619537659e-06,3.310732783125059e+16,0.0014995807339399571,nan
1362540.486176907,3446.7149722338954,452,23.41920479542836,0.5229129961327624,-6.086860172948146e-08,4.768161545469846e+16,9732.106111210467,1864968.228105632,2.0022484591938885e-05,6.180938762648965e-06,3.310770121696461e+16,0.0014997126492795711,nan
1365836.1730289496,3295.686852042599,453,24.209235170422712,0.516867147751075,-6.086860172948146e-08,4.768169691103966e+16,9731.28785704566,1864968.6802647973,2.02221102197964e-05,6.18067891729077e-06,3.310805870818073e+16,0.0014998387524366573,nan
1369024.310315661,3188.137286711258,454,24.75167551564412,0.5112031698110836,-6.086860172948146e-08,4.768175047992385e+16,9730.501022958722,1864968.958733562,2.0242556425758134e-05,6.1804290394106705e-06,3.310836127616848e+16,0.001499960033370963,nan
1372142.5786236308,3118.268307969845,455,24.950175668623125,0.5040098326445324,-6.086860172948146e-08,4.7681753269721496e+16,9729.739062955934,1864968.9866099868,2.011735402399326e-05,6.1801870512585994e-06,3.3108579456866224e+16,0.0015000774989621585,nan
1375236.038419453,3093.4597958221725,456,24.787408805902466,0.4967381619896698,-6.086860172948146e-08,4.76816857426058e+16,9728.99281414213,1864968.6988302,1.9804495526310657e-05,6.179950043582376e-06,3.3108689037182692e+16,0.0015001925603128658,nan
1378349.8114618054,3113.7730423523453,457,24.2550855885283,0.4892622253995462,-6.086860172948146e-08,4.768152968678726e+16,9728.253147158055,1864968.0326665281,1.9391250707341912e-05,6.1797151173169834e-06,3.3108667126640684e+16,0.0015003066242552645,nan
1381531.9220772423,3182.1106154368904,458,24.15689159945887,0.4979758061724616,-6.086860172948146e-08,4.7681266096653816e+16,9727.51116149177,1864966.9217030157,1.8853802789631772e-05,6.179479445639674e-06,3.3108489203562084e+16,0.0015004210631895149,nan
1384726.967475025,3195.0453977826837,459,24.36637797053746,0.5043359546118773,-6.086860172948146e-08,4.768089705274546e+16,9726.783711647644,1864965.353730195,1.818081611069819e-05,6.1792483821471716e-06,3.3108150263250264e+16,0.001500533277164956,nan
1387894.5439372677,3167.576462242812,460,24.148310219331925,0.4955252325259583,-6.086860172948146e-08,4.7680435542195704e+16,9726.084871120644,1864963.363994917,1.745713603524441e-05,6.179026397836062e-06,3.310766203815185e+16,0.0015006410937715444,3.014220763896028e-13
1391090.7247312265,3196.1807939587384,461,23.488321298226083,0.4863346769378197,-6.086860172948146e-08,4.767988046012866e+16,9725.409152099386,1864960.956902373,1.6683712999299846e-05,6.178811750408696e-06,3.310702407012788e+16,0.001500745357943394,nan
1394376.713727614,3285.9889963875494,462,22.7373245870208,0.4840134017737998,-6.086860172948146e-08,4.7679229155763e+16,9724.754854543518,1864958.1335853296,1.6748564127167908e-05,6.178603900571108e-06,3.3106232854292976e+16,0.0015008463305678323,nan
1397771.2364663905,3394.5227387765935,463,23.378612447802794,0.5141020958364657,-6.086860172948146e-08,4.767849298480702e+16,9724.134428214255,1864954.9478662612,1.6983473199057656e-05,6.178406804102443e-06,3.310530108799855e+16,0.001500942088661937,nan
1401072.6456283717,3301.4091619813007,464,25.131375300883494,0.537486460263501,-6.086860172948146e-08,4.767776278471292e+16,9723.598866071246,1864951.707886054,1.708405069361736e-05,6.17823666215437e-06,3.310434057878414e+16,0.001501024758440134,nan
1404143.801281635,3071.15565326315,465,26.479299126264944,0.5268175499598319,-6.086860172948146e-08,4.767710484223902e+16,9723.170633205727,1864948.6819634521,1.7024343371760623e-05,6.178100614115129e-06,3.3103443387716252e+16,0.0015010908673420314,nan
1407058.620324297,2914.819042662223,466,27.47675639980517,0.5188346615366197,-6.086860172948146e-08,4.767651241215452e+16,9722.831213451393,1864945.896265858,1.687646155735319e-05,6.177992779553099e-06,3.310261215250111e+16,0.001501143269762915,nan
1409867.626023752,2809.005699454886,467,28.149609395055915,0.512244039752369,-6.086860172948146e-08,4.7675983127453464e+16,9722.56656366112,1864943.3719992815,1.662076049816189e-05,6.177908698302293e-06,3.3101852061658868e+16,0.0015011841311187012,nan
1412609.4887702789,2741.862746526857,468,28.50034948848604,0.506229928247099,-6.086860172948146e-08,4.767551593956763e+16,9722.364643924855,1864941.1267434887,1.6313161020684685e-05,6.1778445460970225e-06,3.310116857620054e+16,0.0015012153085858031,nan
1415317.6087307294,2708.1199604505696,469,28.53519958943569,0.5006113977823978,-6.086860172948146e-08,4.767511024134067e+16,9722.214391302583,1864939.1757418697,1.5973607515862382e-05,6.1777968086913905e-06,3.3100566959185092e+16,0.001501238509219695,nan
1418022.4212584177,2704.8125276881087,470,28.26798395927336,0.4953177893617878,-6.086860172948146e-08,4.767476606554403e+16,9722.105380276045,1864937.5348895274,1.668381997641764e-05,6.177762174099281e-06,3.3100052909626604e+16,0.0015012553421529505,3.5932008871080514e-13
1420752.8022237099,2730.380965292236,471,27.682964470020504,0.4896522601311839,-6.086860172948146e-08,4.767448432039141e+16,9722.027561320485,1864936.2229042405,1.741235452890185e-05,6.177737449621232e-06,3.3099633116631876e+16,0.0015012673587947484,nan
1423540.8838763512,2788.0816526413387,472,26.77351756711502,0.4835738888461462,-6.086860172948146e-08,4.7674266519600776e+16,9721.970930272371,1864935.2614861846,1.806425279674258e-05,6.177719456859228e-06,3.3099315075512824e+16,0.0015012761037647383,nan
1426423.6715091718,2882.7876328206735,473,25.525065931331866,0.47668495309490855,-6.086860172948146e-08,4.7674115056545864e+16,9721.925312231422,1864934.6780668704,1.8648294010828963e-05,6.177704963101133e-06,3.3099107717400636e+16,0.0015012831481795612,nan
1429447.4586185655,3023.787109393725,474,23.912680212076953,0.46841564046117273,-6.086860172948146e-08,4.76740328741806e+16,9721.879913607405,1864934.5079332604,1.918471054528274e-05,6.177690539022399e-06,3.309902139744816e+16,0.0015012901587772845,nan
1432675.1338371136,3227.675218548097,475,21.89696908278644,0.457852672485611,-6.086860172948146e-08,4.767402200967847e+16,9721.822565586397,1864934.7973036997,1.962649542542178e-05,6.177672318325766e-06,3.309906691277322e+16,0.0015012990147319147,nan
1436199.9305812558,3524.7967441421165,476,21.635305893037934,0.4940251276612935,-6.086860172948146e-08,4.7674077920508856e+16,9721.738262836152,1864935.6079903196,1.9932719724055905e-05,6.177645533435793e-06,3.3099250597081628e+16,0.001501312033353941,nan
1439767.3571621955,3567.4265809397634,477,23.645784146641226,0.5464629033567362,-6.086860172948146e-08,4.767422148669544e+16,9721.62459977869,1864936.8622718647,2.0084082058796843e-05,6.177609419928489e-06,3.3099583016106696e+16,0.0015013295863579852,nan
1443031.463983561,3264.1068213654326,478,25.029288597554817,0.5292547805209943,-6.086860172948146e-08,4.767445019117744e+16,9721.496116908946,1864938.2924411015,2.006899398992363e-05,6.177568597553549e-06,3.31000239641504e+16,0.0015013494284822188,nan
1446115.145927966,3083.68194440518,479,25.907712632759303,0.517547922542439,-6.086860172948146e-08,4.767472001255861e+16,9721.355036798355,1864939.794259936,1.991535860629281e-05,6.177523772394316e-06,3.310051582933394e+16,0.0015013712166529628,nan
1449094.2728938872,2979.1269659210325,480,26.366224325731675,0.5088489420017844,-6.086860172948146e-08,4.767500693874607e+16,9721.205189158418,1864941.2951562908,1.9695086321413752e-05,6.177476161185714e-06,3.3101024853943864e+16,0.0015013943595585087,3.1751672835561065e-13
1452021.5924970305,2927.3196031432303,481,26.554166448140183,0.5035640696992988,-6.086860172948146e-08,4.767529322740455e+16,9721.051344423784,1864942.735390483,1.9368506667703908e-05,6.177427279595298e-06,3.3101525172382988e+16,0.0015014181205292765,nan
1454928.1934434515,2906.6009464210456,482,27.239040026061346,0.5128957837795193,-6.086860172948146e-08,4.767556245130623e+16,9720.899686579167,1864944.055628758,1.9006641020013756e-05,6.177379092474006e-06,3.3101992197708304e+16,0.0015014415444759657,nan
1457761.7134667614,2833.520023309958,483,27.573311295266123,0.5061358856421695,-6.086860172948146e-08,4.767579632848882e+16,9720.761067840001,1864945.1721384123,1.8598141043731667e-05,6.177335048014057e-06,3.3102395623774064e+16,0.0015014629551383996,nan
1460560.8827251464,2799.1692583849062,484,27.58734806899724,0.500254535510458,-6.086860172948146e-08,4.767598317007441e+16,9720.641037499423,1864946.0558570435,1.820790010914629e-05,6.177296909543551e-06,3.310271976711928e+16,0.0015014814951821247,nan
1463358.627732624,2797.7450074776866,485,27.306014074663228,0.4949010322842488,-6.086860172948146e-08,4.767611224003277e+16,9720.545769174,1864946.6791978164,1.7828116573608947e-05,6.177266638794334e-06,3.310294990713133e+16,0.0015014962107784604,nan
1466185.197920369,2826.5701877449187,486,26.769644396669875,0.49017854314938186,-6.086860172948146e-08,4.7676173159196504e+16,9720.48250457022,1864947.015079523,1.745777554692456e-05,6.177246536890003e-06,3.310307140581553e+16,0.001501505983087891,nan
1469068.402649797,2883.2047294280706,487,26.015290819295313,0.4859102802002779,-6.086860172948146e-08,4.767615581148266e+16,9720.460113569838,1864947.0370083842,1.784128606850294e-05,6.177239422283852e-06,3.3103069405014172e+16,0.0015015094417946445,nan
1472035.210357837,2966.807708039948,488,25.047613247638573,0.48140175371518384,-6.086860172948146e-08,4.767605070492242e+16,9720.48957023195,1864946.721225523,1.8180173498227997e-05,6.17724878195996e-06,3.310292921771785e+16,0.0015015048916682372,nan
1475116.6363031557,3081.425945318874,489,23.952767484682123,0.4781447087965623,-6.086860172948146e-08,4.767584909509867e+16,9720.584517139887,1864946.0492873432,1.846474304259112e-05,6.177278950668796e-06,3.310263649807278e+16,0.0015014902255495008,nan
1478338.9096951112,3222.273391955423,490,22.724494544975002,0.47436052137832074,-6.086860172948146e-08,4.7675544980075224e+16,9720.7612973166,1864945.015386666,1.861659068919807e-05,6.177335120927778e-06,3.3102179917564052e+16,0.001501462919693582,3.172144351276459e-13
1481735.3489504193,3396.4392553080274,491,21.66671180630812,0.47672593472709845,-6.086860172948146e-08,4.767513472885921e+16,9721.038902436814,1864943.6323635757,1.863324200949728e-05,6.177423326345198e-06,3.310155142687337e+16,0.001501420042198851,nan
1485297.6045441416,3562.255593722122,492,21.86115864389333,0.5044872253649628,-6.086860172948146e-08,4.767463088108516e+16,9721.43253225223,1864941.9654776375,1.8480526809413102e-05,6.177548394941925e-06,3.3100765497643996e+16,0.0015013592483094614,nan
1488828.1752054156,3530.5706612739973,493,22.25241949508157,0.5089487674821283,-6.086860172948146e-08,4.767411397937542e+16,9721.923508629294,1864940.223476351,1.8138036258787176e-05,6.177704390060211e-06,3.309992947317749e+16,0.0015012834266962024,nan
1492296.668388669,3468.4931832534335,494,23.10708997689563,0.5192039899751792,-6.086860172948146e-08,4.767362460394102e+16,9722.494055636796,1864938.5569756443,1.76506931063591e-05,6.177885661751895e-06,3.3099104913308804e+16,0.0015011953265892121,nan
1495636.871131929,3340.2027432601644,495,24.471068367551638,0.5295142831057442,-6.086860172948146e-08,4.767320472852479e+16,9723.113045109647,1864937.1150254689,1.7084047470982214e-05,6.1780823183558485e-06,3.309835894001238e+16,0.0015010997580095257,nan
1498790.8962921845,3154.0251602553317,496,25.465560958218358,0.5203197624175944,-6.086860172948146e-08,4.767287905344745e+16,9723.746391375811,1864935.999090405,1.7338244875354757e-05,6.178283529718557e-06,3.3097737583740136e+16,0.001501001985413593,nan
1501821.7490370434,3030.85274485884,497,26.10632849863529,0.5125810607798557,-6.086860172948146e-08,4.76726403674346e+16,9724.386763817509,1864935.2286875758,1.7564415903475626e-05,6.178486966604588e-06,3.309723885337078e+16,0.0015009031411029195,nan
1504778.2109284052,2956.461891361742,498,26.399344042892203,0.5056119638629428,-6.086860172948146e-08,4.7672485444212376e+16,9725.030763814255,1864934.821705745,1.7763509851493428e-05,6.178691549156093e-06,3.3096863411979844e+16,0.0015008037499913169,nan
1507701.858016158,2923.647087752808,499,26.32880797351986,0.498664056401217,-6.086860172948146e-08,4.767241350065611e+16,9725.678222927205,1864934.7981161843,1.793350744397299e-05,6.178897223753171e-06,3.3096613567662708e+16,0.0015007038382892834,nan
1510633.337686913,2931.479670755023,500,25.880243183358726,0.49148148312274,-6.086860172948146e-08,4.767242572439944e+16,9726.332232180166,1864935.1830020938,1.8020012732130556e-05,6.179104972145176e-06,3.3096493083140524e+16,0.0015006029293163257,3.28127358914603e-13
1513615.6267165313,2982.2890296183664,501,25.028213293406452,0.48353898987896415,-6.086860172948146e-08,4.767252541639702e+16,9726.9989292822,1864936.0100451182,1.8004391534073374e-05,6.179316743689028e-06,3.3096507715273564e+16,0.0015005000766655182,nan
1516699.441147261,3083.81443072964,502,23.741765664626328,0.47430005063287856,-6.086860172948146e-08,4.7672717968626536e+16,9727.687885829348,1864937.325717379,1.78798307190753e-05,6.179535578160798e-06,3.3096665481349796e+16,0.0015003938048192226,nan
1519950.3520702252,3250.9109229640358,503,22.27770452846195,0.46916697020673287,-6.086860172948146e-08,4.767301019139883e+16,9728.412683499228,1864939.1951758845,1.7612960377300434e-05,6.179765788546569e-06,3.30969763550595e+16,0.0015002820207112683,nan
1523414.9085388226,3464.5564685974805,504,22.186044566436294,0.49794278710563405,-6.086860172948146e-08,4.767340624549112e+16,9729.18181484642,1864941.6749642126,1.732170385018022e-05,6.18001007082572e-06,3.3097447297422576e+16,0.0015001634173226464,nan
1526893.7785599506,3478.8700211280566,505,22.3073887775662,0.5027346968218364,-6.086860172948146e-08,4.7673898394908424e+16,9729.947781313713,1864944.5793880052,1.7457626874341504e-05,6.180253338317603e-06,3.309806044645898e+16,0.0015000453206073347,nan
1530353.7247732522,3459.9462133015754,506,24.399623583375533,0.546895556146702,-6.086860172948146e-08,4.767446418718726e+16,9730.694915763717,1864947.7571874247,1.7473225853873645e-05,6.180490615620904e-06,3.3098778791635932e+16,0.0014999301453248604,nan
1533516.9852664252,3163.2604931730893,507,26.08490958522085,0.5345350819877723,-6.086860172948146e-08,4.767504968225483e+16,9731.355059186342,1864950.7930666332,1.7404018098985728e-05,6.1807002584607985e-06,3.3099519897252064e+16,0.0014998283949505488,nan
1536475.8747759874,2958.889509562115,508,27.36333733727217,0.5245051213973855,-6.086860172948146e-08,4.767562309632846e+16,9731.940178769517,1864953.6349657113,1.7230597448733233e-05,6.180886069911357e-06,3.3100243359817284e+16,0.0014997382198211125,nan
1539296.5236017597,2820.648825772232,509,28.2866991710114,0.5168722444626938,-6.086860172948146e-08,4.767616710764047e+16,9732.457524765558,1864956.2512498698,1.7113734487730856e-05,6.181050354427403e-06,3.310092707188246e+16,0.0014996584985830634,nan
1542025.0980763906,2728.5744746309524,510,28.87551064553304,0.5104079212452802,-6.086860172948146e-08,4.767666945048419e+16,9732.91100078129,1864958.6153161302,1.784944042229686e-05,6.181194353280264e-06,3.3101555613333852e+16,0.0014995886264594159,2.02548119514036e-13
1544698.0331554287,2672.9350790381995,511,29.220800116836724,0.5059789327285386,-6.086860172948146e-08,4.767712024031263e+16,9733.303311830456,1864960.7045580626,1.8529415345829305e-05,6.181318926822863e-06,3.3102116808297764e+16,0.0014995281839592168,nan
1547339.38332452,2641.3501690911794,512,29.406204278220958,0.5031724689372452,-6.086860172948146e-08,4.767750995614755e+16,9733.636021140313,1864962.4939224985,1.9141807766712295e-05,6.181424572599726e-06,3.310259898056971e+16,0.0014994769279860006,nan
1549964.0799565415,2624.6966320216175,513,29.328494739299156,0.49867868803830356,-6.086860172948146e-08,4.767782976150787e+16,9733.91082145752,1864963.9590978753,1.965234596296632e-05,6.181511829070008e-06,3.310299124639205e+16,0.0014994345959014957,nan
1552595.7310527079,2631.65109616637,514,28.983852002212103,0.49412443870456735,-6.086860172948146e-08,4.767807312390549e+16,9734.131599717046,1864965.086195257,2.00265196506644e-05,6.181581931195938e-06,3.3103285493142052e+16,0.0014994005874686977,nan
1555258.6747264368,2662.9436737289275,515,28.404601745365046,0.49000736243058984,-6.086860172948146e-08,4.767823416670297e+16,9734.303050386554,1864965.863002497,2.02907962393331e-05,6.1816363701401355e-06,3.31034741585141e+16,0.0014993741784660962,nan
1557975.9233617634,2717.248635326512,516,27.598958113332987,0.485818431125099,-6.086860172948146e-08,4.7678307537238024e+16,9734.43062304899,1864966.278111035,2.04350324930157e-05,6.181676876646975e-06,3.310354999687216e+16,0.0014993545287132406,nan
1560772.4914427989,2796.5680810356253,517,26.5835856862371,0.4816048775659151,-6.086860172948146e-08,4.7678288783781496e+16,9734.52094358294,1864966.32318058,2.0405831496169852e-05,6.1817055548040605e-06,3.3103506527014516e+16,0.0014993406171399438,nan
1563675.8757431924,2903.3843003935026,518,25.3997515739686,0.4777337390403019,-6.086860172948146e-08,4.767817469863655e+16,9734.58202719705,1864965.9950142012,2.0202468602468007e-05,6.1817249497145276e-06,3.310333847638808e+16,0.00149933120891436,nan
1566714.5812637885,3038.7055205960355,519,24.08209528609452,0.4740616304053835,-6.086860172948146e-08,4.7677964244012696e+16,9734.623549649483,1864965.3003837862,1.9830790322790683e-05,6.18173813364506e-06,3.3103043062896932e+16,0.0014993248136070854,nan
1569919.5501177302,3204.968853941578,520,22.692370181061676,0.4711460923868344,-6.086860172948146e-08,4.767765963895875e+16,9734.657104344595,1864964.2637490008,1.9209588932833902e-05,6.181748787686201e-06,3.3102621723152356e+16,0.0014993196455373263,2.0242125096469512e-13
1573320.7975288094,3401.2474110791723,521,24.01694757729675,0.5291855232764651,-6.086860172948146e-08,4.767726827454093e+16,9734.695977929812,1864962.939516629,1.8376752485855278e-05,6.1817611305194295e-06,3.3102083294181496e+16,0.0014993136583005252,nan
1576534.4600927627,3213.662563953248,522,25.01400778343176,0.5207574297884034,-6.086860172948146e-08,4.76768997007405e+16,9734.748255066504,1864961.6006577404,1.7461298874445376e-05,6.181777729103425e-06,3.3101562768579364e+16,0.0014993056067492156,nan
1579620.0258284826,3085.565735719832,523,25.441782013942746,0.5085506935596766,-6.086860172948146e-08,4.7676568013846536e+16,9734.81801015401,1864960.347911712,1.645185480324804e-05,6.181799877065687e-06,3.3101082646337464e+16,0.0014992948634365327,nan
1582653.7113339747,3033.6855054920416,524,25.372291540496825,0.49863432377873845,-6.086860172948146e-08,4.76762807959976e+16,9734.90598759576,1864959.2476060567,1.6558187657732567e-05,6.181827810700874e-06,3.3100656702764016e+16,0.0014992813138319774,nan
1585695.7055979297,3041.9942639550363,525,24.77821223571477,0.48829275424661894,-6.086860172948146e-08,4.767604730269557e+16,9735.010278862543,1864958.3645462727,1.67850315788497e-05,6.181860923959879e-06,3.3100301308563256e+16,0.0014992652520156048,nan
1588810.6343343272,3114.928736397587,526,23.678796834209546,0.4778148764114517,-6.086860172948146e-08,4.7675876765546024e+16,9735.126601196971,1864957.7688567273,1.7541704348215295e-05,6.181897856963808e-06,3.310003433240681e+16,0.0014992473377098967,nan
1592070.1903780734,3259.556043746205,527,22.045726011870787,0.4655161781704337,-6.086860172948146e-08,4.767577935444096e+16,9735.247198843961,1864957.549645001,1.8159338641379895e-05,6.181936147170869e-06,3.309987786426673e+16,0.0014992287654335599,nan
1595571.2030137212,3501.012635647674,528,23.2618645923285,0.5275821848598424,-6.086860172948146e-08,4.767576328647864e+16,9735.358474564433,1864957.830407442,1.863157554590657e-05,6.181971477420785e-06,3.3099857671364404e+16,0.0014992116291605135,nan
1598889.1814596553,3317.978445934214,529,24.584873769393514,0.5284372985625007,-6.086860172948146e-08,4.767588078287564e+16,9735.431610363967,1864958.6178588087,1.8864769925598002e-05,6.181994698064318e-06,3.3100036154881188e+16,0.0014992003665842293,nan
1602028.6063781462,3139.4249184908567,530,25.795583582556823,0.5246230634438026,-6.086860172948146e-08,4.767610567724304e+16,9735.455763759463,1864959.8246119674,1.8888006297237108e-05,6.182002366757208e-06,3.310038165531137e+16,0.0014991966471097375,1.748607656390484e-13
1605020.6831064192,2992.07672827288,531,26.828771486207234,0.5200264494955845,-6.086860172948146e-08,4.767641334695352e+16,9735.424618274526,1864961.364607211,1.8743346003924168e-05,6.181992478077099e-06,3.3100862395842e+16,0.001499201443326484,nan
1607897.53363121,2876.850524790744,532,27.620654779835796,0.5147580982982332,-6.086860172948146e-08,4.767678445508799e+16,9735.334207169128,1864963.1614902886,1.843158636852539e-05,6.181963772494496e-06,3.310145184836075e+16,0.0014992153662650109,nan
1610691.9049429984,2794.37131178847,533,28.187384036182195,0.5102591567952279,-6.086860172948146e-08,4.767720420237394e+16,9735.181644404092,1864965.151315552,1.8015530383370062e-05,6.181915333418786e-06,3.310212876485297e+16,0.001499238860889972,nan
1613430.0932484656,2738.1883054671753,534,28.49875805213326,0.5055232868639278,-6.086860172948146e-08,4.767766030151084e+16,9734.964852909543,1864967.276105416,1.758805863276959e-05,6.1818465009010994e-06,3.3102874648963988e+16,0.0014992722479887698,nan
1616138.3644365782,2708.2711881126615,535,28.586882902446142,0.5015461173808289,-6.086860172948146e-08,4.767814230500125e+16,9734.68212030699,1864969.4850715888,1.747180863712646e-05,6.181756730559512e-06,3.3103673426674584e+16,0.0014993157926201579,nan
1618838.2868308097,2699.922394231441,536,28.45620944227943,0.49771445070432063,-6.086860172948146e-08,4.767863991081059e+16,9734.332614977728,1864971.727900146,1.7287555235095093e-05,6.181645757428196e-06,3.310450895829599e+16,0.001499369624647529,nan
1621550.6075102782,2712.3206794686735,537,28.12596016026527,0.4941972369390231,-6.086860172948146e-08,4.767914252125049e+16,9733.91637653399,1864973.9548721386,1.70358980142668e-05,6.181513592943077e-06,3.3105364682630484e+16,0.0014994337401848942,nan
1624294.7757054185,2744.1681951404103,538,27.594787183484904,0.4905572472236739,-6.086860172948146e-08,4.767963836881993e+16,9733.434694276333,1864976.1140241986,1.7277120817085815e-05,6.181360645139513e-06,3.3106222404466224e+16,0.0014995079432439237,nan
1627091.7664854662,2796.9907800477185,539,26.86749788621879,0.48682198031769225,-6.086860172948146e-08,4.768011415915259e+16,9732.889912375524,1864978.1510801772,1.828949888365913e-05,6.181187656845621e-06,3.3107062058824856e+16,0.001499591875641696,nan
1629964.4703619657,2872.7038764996264,540,25.95848528138389,0.48308341534659316,-6.086860172948146e-08,4.768055426039431e+16,9732.285479196857,1864980.0071139787,1.921928576571794e-05,6.180995721411029e-06,3.310786071581079e+16,0.0014996850092726438,8.719467694258441e-14
1632937.770402124,2973.3000401582567,541,25.1086907218155,0.48363166127844487,-6.086860172948146e-08,4.76809397765258e+16,9731.626096785241,1864981.615997501,2.005430536778783e-05,6.180786330260859e-06,3.3108591428642744e+16,0.0014997866229092798,nan
1636011.7007071609,3073.9303050368494,542,24.72618101045069,0.4923829220009376,-6.086860172948146e-08,4.768124722026755e+16,9730.924236646588,1864982.8933402703,2.0806516621857436e-05,6.18056344223952e-06,3.3109219104993936e+16,0.00149989479767475,nan
1639133.1841783433,3121.4834711824105,543,24.02048678499011,0.4857298176139227,-6.086860172948146e-08,4.768145504440657e+16,9730.20702610101,1864983.751148617,2.1451510420899457e-05,6.180335671122819e-06,3.310970682434272e+16,0.0015000053544556348,nan
1642346.3732373517,3213.1890590084067,544,22.999394165680652,0.4787453803819764,-6.086860172948146e-08,4.7681547339623496e+16,9729.479815786724,1864984.1527387179,2.1891574618861497e-05,6.180104715717045e-06,3.3110034795478796e+16,0.0015001174693256892,nan
1645702.2166466862,3355.8434093345204,545,21.778604520600407,0.4734603956024658,-6.086860172948146e-08,4.7681504886279224e+16,9728.747886610436,1864984.056791942,2.2155007368336654e-05,6.179872252927957e-06,3.3110179623963816e+16,0.001500230328632607,nan
1649246.1703126146,3543.9536659283813,546,23.4143862243012,0.5375547869045858,-6.086860172948146e-08,4.7681306249800024e+16,9728.021528905712,1864983.4245362154,2.2222510927858315e-05,6.179641551009012e-06,3.3110114672482616e+16,0.0015003423456398499,nan
1652542.5354015906,3296.3650889759647,547,24.434180169992004,0.5217770804650088,-6.086860172948146e-08,4.7681042723847864e+16,9727.40502040123,1864982.4181603487,2.2084333529777985e-05,6.179445732058441e-06,3.3109920678736364e+16,0.0015004374351127135,nan
1655701.3221827562,3158.7867811654714,548,24.911579596423604,0.5097690903298221,-6.086860172948146e-08,4.7680727039404424e+16,9726.878052520044,1864981.1602519862,2.1848461190256776e-05,6.179278348592811e-06,3.3109628054768616e+16,0.0015005187235108783,nan
1658799.5747456192,3098.2525628630474,549,24.934854609977382,0.5004671525035915,-6.086860172948146e-08,4.768037442477583e+16,9726.430094960439,1864979.7418973797,2.149345956013222e-05,6.1791360580086855e-06,3.31092636876834e+16,0.0015005878309530707,nan
1661894.9352976196,3095.3605520002766,550,24.509077678683454,0.49146221347680213,-6.086860172948146e-08,4.768000072629924e+16,9726.056720155824,1864978.2448102299,2.1061743489913272e-05,6.1790174556110105e-06,3.3108852377704716e+16,0.0015006454372064896,1.1851634073919615e-13
1665044.0691141367,3149.1338165170896,551,23.693987728159513,0.4833716723001605,-6.086860172948146e-08,4.767962089727422e+16,9725.7562339859,1864976.7496087446,2.06122449366046e-05,6.178922004613575e-06,3.310841714713107e+16,0.0015006918010253016,nan
1668301.535363174,3257.4662490374117,552,24.121074963270825,0.5090125655506215,-6.086860172948146e-08,4.767925088520494e+16,9725.52956053389,1864975.3502307618,2.0174739726198746e-05,6.178849999634853e-06,3.3107982641236264e+16,0.0015007267777315903,nan
1671501.3249847854,3199.789621611469,553,24.875096138806512,0.5156299247998656,-6.086860172948146e-08,4.767894817729346e+16,9725.387537965438,1864974.2330383665,1.976610123397837e-05,6.178804884387128e-06,3.310762086952654e+16,0.0015007486932666458,nan
1674604.121649325,3102.796664539419,554,25.60898027225552,0.5147513828560467,-6.086860172948146e-08,4.7678734510278584e+16,9725.320537067348,1864973.4864689566,1.9446135420146725e-05,6.178783600598293e-06,3.310736443385993e+16,0.0015007590324127825,nan
1677618.0005507509,3013.878901426026,555,26.32180901680447,0.5139175542518813,-6.086860172948146e-08,4.76786157516787e+16,9725.315557269552,1864973.1501806001,1.9226764467095792e-05,6.1787820186917225e-06,3.310722662390698e+16,0.0015007598008687237,nan
1680550.2597005803,2932.259149829374,556,27.034823388076074,0.5135441749238512,-6.086860172948146e-08,4.767859329867811e+16,9725.361600434217,1864973.2416073813,1.9143537366178203e-05,6.17879664496989e-06,3.310721377768636e+16,0.0015007526957621505,nan
1683405.1836711075,2854.923970527144,557,27.75513757113881,0.5133219694599603,-6.086860172948146e-08,4.767866519959016e+16,9725.450181819875,1864973.7593613674,1.9155436244991833e-05,6.1788247840327185e-06,3.3107326480678084e+16,0.0015007390266002264,nan
1686186.0153326967,2780.8316615891804,558,28.482718794241855,0.5131071449607877,-6.086860172948146e-08,4.767882668824096e+16,9725.575345991909,1864974.6857988213,1.927988180928475e-05,6.178864543888846e-06,3.3107560240673704e+16,0.0015007197127035138,nan
1688895.8116090687,2709.79627637196,559,29.201008790017575,0.5126092245786755,-6.086860172948146e-08,4.767907087521045e+16,9725.733400946367,1864975.9903349532,1.9495877298276684e-05,6.1789147515193245e-06,3.3107906480064596e+16,0.0015006953241894483,nan
1691538.9519842728,2643.140375204133,560,29.933163729367852,0.5125364665415355,-6.086860172948146e-08,4.7679389512688504e+16,9725.922524536578,1864977.6336616261,1.9803209459436903e-05,6.178974827855595e-06,3.310835375938191e+16,0.0015006661427018509,1.2738702909759848e-13
1694117.4420505888,2578.490066316028,561,30.633008434804186,0.5116901225637854,-6.086860172948146e-08,4.76797731830986e+16,9726.141935221545,1864979.5685511515,2.0182958760510204e-05,6.179044524352249e-06,3.3108888205630908e+16,0.0015006322893827784,nan
1696637.0236807722,2519.5816301834147,562,31.266718070517932,0.5103435749228232,-6.086860172948146e-08,4.768021230642669e+16,9726.39181778526,1864981.7466169372,2.0623072977932558e-05,6.1791238993798894e-06,3.3109495241334404e+16,0.0015005937363560561,nan
1699105.5387694205,2468.515088648308,563,31.808372007832492,0.5086618291067986,-6.086860172948146e-08,4.768069758843978e+16,9726.672958900961,1864984.1207672541,2.1121251735920764e-05,6.179213202446558e-06,3.3110160390028856e+16,0.001500550362984808,nan
1701532.0183550648,2426.4795856443343,564,32.231329149110415,0.5066485191567455,-6.086860172948146e-08,4.7681220167054984e+16,9726.986494987314,1864986.6463793449,2.1683465826217547e-05,6.179312794091088e-06,3.3110869637216264e+16,0.0015005019947992011,nan
1703926.6563475758,2394.637992510975,565,32.53564832405098,0.5047208598431159,-6.086860172948146e-08,4.768177169562909e+16,9727.333849396626,1864989.2821967888,2.226511703740744e-05,6.17942312591815e-06,3.3111609659403652e+16,0.001500448413212289,nan
1706298.8963152831,2372.2399677074063,566,32.68882195774655,0.5023539354767111,-6.086860172948146e-08,4.768234388074568e+16,9727.716456246504,1864991.9883632842,2.287950506482419e-05,6.179544652865031e-06,3.3112367263704836e+16,0.0015003893981450462,nan
1708660.020415422,2361.1241001389367,567,32.65052979175453,0.49941429265879456,-6.086860172948146e-08,4.7682928905892104e+16,9728.136206171832,1864994.7289966727,2.3502770269333715e-05,6.1796779747724714e-06,3.3113130004680936e+16,0.0015003246592963616,nan
1711023.9136147622,2363.8931993402953,568,32.40004460477164,0.4961641481994245,-6.086860172948146e-08,4.768351947180509e+16,9728.595838387595,1864997.4726046883,2.4163953729397122e-05,6.1798239608827856e-06,3.311388619573693e+16,0.001500253775732179,nan
1713406.0821046853,2382.168489922986,569,31.94357299071247,0.4929556946660509,-6.086860172948146e-08,4.7684108288088504e+16,9729.099081823204,1865000.1898472458,2.4808389697279864e-05,6.179983794618101e-06,3.3114624155297424e+16,0.0015001761742134737,nan
1715822.2916299012,2416.2095252158188,570,31.246852016214657,0.48909450463321075,-6.086860172948146e-08,4.768468737115004e+16,9729.650667909562,1865002.8505503605,2.5450121615248222e-05,6.180158977578661e-06,3.3115331221426252e+16,0.0015000911273466307,7.841572530827305e-14
1718292.3761456,2470.0845156988826,571,30.28353235382428,0.4845853325978168,-6.086860172948146e-08,4.7685248422352456e+16,9730.257594090876,1865005.4263285412,2.6075374085969656e-05,6.1803517307372085e-06,3.311599410072365e+16,0.001499997558952296,nan
1720841.0340903804,2548.6579447803238,572,29.036910077280247,0.4794174889841309,-6.086860172948146e-08,4.768578224439342e+16,9730.930099512174,1865007.8889539517,2.6687934372517323e-05,6.180565304128812e-06,3.311659788943022e+16,0.001499893893991186,nan
1723499.1118653286,2658.0777749481376,573,27.515923555247568,0.47380942879279075,-6.086860172948146e-08,4.7686277897832856e+16,9731.68309325701,1865010.208480188,2.723277936410291e-05,6.180804430139251e-06,3.3117124704102304e+16,0.0014997778389666573,nan
1726304.1191250202,2805.0072596915165,574,25.789136205740707,0.4686220354181508,-6.086860172948146e-08,4.768672129785318e+16,9732.537843932187,1865012.3502720534,2.7725061890951924e-05,6.181075859588272e-06,3.311755159985791e+16,0.001499646122435879,nan
1728000.0,1695.8808749797754,575,25.360635872724252,0.2786168652011539,-6.086860172948146e-08,4.768696256094517e+16,9733.087400375232,1865013.4861626371,2.7951682408087687e-05,6.181250367109736e-06,3.3117757130265104e+16,0.001499561448359199,nan
1731043.3923548658,3043.3923548658745,576,24.419314677515615,0.4814412935083177,-6.086860172948146e-08,4.768728075026087e+16,9734.13641125614,1865015.2181400505,2.8258610612541124e-05,6.181583458960359e-06,3.311796327985394e+16,0.0014993998463218472,nan
1734204.10207784,3160.7097229740375,577,24.751309103789612,0.5067977834484373,-6.086860172948146e-08,4.7687497529289384e+16,9735.320208038636,1865016.6178243815,2.8389756155856695e-05,6.181959327749891e-06,3.3117998896823764e+16,0.0014992175220966734,nan
1737322.4165478316,3118.314469991772,578,26.561131330595614,0.5365601314099564,-6.086860172948146e-08,4.768761633023971e+16,9736.589026567084,1865017.6387713659,2.837417570002864e-05,6.182362166527312e-06,3.3117877818134384e+16,0.0014990221523460327,nan
1740228.2553228796,2905.8387750479706,579,27.96190241507057,0.5263688143972508,-6.086860172948146e-08,4.7687662716752504e+16,9737.86384356306,1865018.318344658,2.8173306462159157e-05,6.182766883332252e-06,3.3117651538692556e+16,0.0014988259102391543,nan
1742988.5240694005,2760.2687465208883,580,29.029835532237737,0.5190962170834197,-6.086860172948146e-08,4.768765759706271e+16,9739.154043716562,1865018.7729393877,2.7865685114495668e-05,6.1831764568641325e-06,3.31173501689013e+16,0.0014986273523961648,6.820946693477982e-14
1745647.249615533,2658.7255461325276,581,29.769239199837383,0.512735236938882,-6.086860172948146e-08,4.768761840740126e+16,9740.462279061396,1865019.085511249,2.744077351889812e-05,6.183591727960619e-06,3.3116998492064876e+16,0.0014984260727017346,nan
1748239.9381559244,2592.6885403913125,582,30.23606943138411,0.5078408156220076,-6.086860172948146e-08,4.76875594930971e+16,9741.789009372776,1865019.320146132,2.695603987560574e-05,6.184012841404785e-06,3.311661673509784e+16,0.0014982220026599688,nan
1750792.5968440764,2552.658688151884,583,30.439201748345802,0.5033591058755614,-6.086860172948146e-08,4.768749321434908e+16,9743.131055092152,1865019.5292262288,2.6414254995708622e-05,6.184438786893086e-06,3.311622284474674e+16,0.0014980156334328718,nan
1753328.220674415,2535.6238303384766,584,30.42282368365538,0.49973097085748464,-6.086860172948146e-08,4.768743052223866e+16,9744.484439824464,1865019.7589758546,2.578910490925831e-05,6.1848683015093615e-06,3.311583290944745e+16,0.0014978075781478977,nan
1755865.2095526382,2536.9888782234357,585,30.211147422588123,0.49652109443771025,-6.086860172948146e-08,4.768738172234971e+16,9745.843525766897,1865020.0527338944,2.514686318883798e-05,6.185299595465635e-06,3.3115462498282108e+16,0.0014975987045682483,nan
1758419.9739993496,2554.7644467114446,586,29.81025635730243,0.49336517975173033,-6.086860172948146e-08,4.768735685757808e+16,9747.202605677652,1865020.4536158144,2.4497356790877082e-05,6.185730857436466e-06,3.311512691000032e+16,0.0014973898901631218,nan
1761009.0951529716,2589.1211536219935,587,29.299495360007462,0.49143313309397546,-6.086860172948146e-08,4.768736604117412e+16,9748.557460184578,1865021.0067243797,2.3807395959123973e-05,6.18616074868116e-06,3.3114841335748452e+16,0.0014971817829175524,nan
1763643.3509441118,2634.2557911402396,588,29.039720992913786,0.4955669139706711,-6.086860172948146e-08,4.768741983481937e+16,9749.902813475346,1865021.7588892297,2.3128621328148006e-05,6.186587595660026e-06,3.3114621881484588e+16,0.0014969751923004909,nan
1766301.171428972,2657.820484860034,589,28.77582345165842,0.49545626589663583,-6.086860172948146e-08,4.768752841753247e+16,9751.220411490176,1865022.745916588,2.2511773125119383e-05,6.1870056080399285e-06,3.3114486596340828e+16,0.001496772918999469,nan
1768983.3662742123,2682.1948452404067,590,28.449122613669083,0.49432334510707954,-6.086860172948146e-08,4.768770017094872e+16,9752.507893335991,1865024.0036555058,2.1917616925156445e-05,6.187414038684983e-06,3.3114447712319172e+16,0.0014965753218294288,1.1151421693215153e-13
1771696.3626072698,2712.9963330574583,591,28.07153530798622,0.4933638145750506,-6.086860172948146e-08,4.768794246009876e+16,9753.769439611046,1865025.5654309173,2.1366931302323872e-05,6.187814215583347e-06,3.31145145893214e+16,0.0014963817557384644,nan
1774445.8511722086,2749.4885649388834,592,27.671103550117547,0.4928676548419004,-6.086860172948146e-08,4.768826136747635e+16,9755.012004092736,1865027.4581656463,2.093393814812493e-05,6.188208345942529e-06,3.311469404087395e+16,0.0014961911510708381,nan
1777235.1279059607,2789.276733752036,593,27.2528473541242,0.49244236509693573,-6.086860172948146e-08,4.768866093709861e+16,9756.243774316345,1865029.6980068898,2.05803274623602e-05,6.188599027684764e-06,3.3114989547140876e+16,0.0014960022501217282,nan
1780067.2123603546,2832.0844543939425,594,26.880849190646572,0.49317505876278034,-6.086860172948146e-08,4.768914254722034e+16,9757.474001278522,1865032.288067944,2.0317441454311053e-05,6.188989195333721e-06,3.3115400442822044e+16,0.0014958136334466197,nan
1782938.4894090143,2871.277048659702,595,26.514701784957115,0.493189437523111,-6.086860172948146e-08,4.768970312885678e+16,9758.708858709897,1865035.208518822,2.0157363005331622e-05,6.1893808068058625e-06,3.311592024450578e+16,0.0014956243546590305,nan
1785849.4165601307,2910.9271511164034,596,26.134022617803453,0.49282135680346145,-6.086860172948146e-08,4.769033571603938e+16,9759.954523879102,1865038.4234814295,2.0099073218667364e-05,6.189775820643348e-06,3.311653704174117e+16,0.0014954334677896035,nan
1788802.745500659,2953.3289405285345,597,25.716057852810614,0.492003436074397,-6.086860172948146e-08,4.769102899878981e+16,9761.214974287743,1865041.8795584622,2.013870176105766e-05,6.190175497381863e-06,3.311723345446835e+16,0.0014952403648069794,nan
1791804.0750890179,3001.3295883587634,598,25.237395448464568,0.4906933168550612,-6.086860172948146e-08,4.769176720974504e+16,9762.49125006373,1865045.5069465619,2.0264788719514112e-05,6.190580165900659e-06,3.311798679655312e+16,0.0014950448881598819,nan
1794862.3290791016,3058.2539900836705,599,24.64214033200114,0.4882068829630428,-6.086860172948146e-08,4.769253004750163e+16,9763.781192291925,1865049.2208804374,2.0458612805868204e-05,6.1909891407616974e-06,3.3118769196182092e+16,0.0014948473702622248,nan
1797994.458199775,3132.129120673602,600,23.884304808689695,0.48462317978265684,-6.086860172948146e-08,4.7693293248057864e+16,9765.081369651854,1865052.9278565703,2.0705066758555422e-05,6.191401333323425e-06,3.311954826972361e+16,0.0014946483379517101,4.029834517802398e-14
1801225.968011252,3231.5098114769244,601,22.9206364657006,0.4798263263111915,-6.086860172948146e-08,4.769402764665358e+16,9766.387356158091,1865056.5246181174,2.0990387572913366e-05,6.191815339922831e-06,3.312028605525513e+16,0.001494448469721038,nan
1804593.342448916,3367.374437663856,602,23.622901114169114,0.515319484027405,-6.086860172948146e-08,4.769469713952245e+16,9767.694540621153,1865059.8955585228,2.125724678337094e-05,6.192229698564509e-06,3.312093659980854e+16,0.0014942484716752003,nan
1807860.611145363,3267.2686964469376,603,24.598825240686672,0.5206563140107333,-6.086860172948146e-08,4.769524514358597e+16,9768.898194086189,1865062.6881822054,2.1491120008757107e-05,6.1926112148528385e-06,3.3121437250688452e+16,0.001494064361111775,nan
1810998.2555074168,3137.644362053759,604,25.285808150052404,0.5139637340938839,-6.086860172948146e-08,4.7695656394922936e+16,9769.984547207114,1865064.8472357863,2.1635118279778684e-05,6.192955530832343e-06,3.3121771365019132e+16,0.0014938982317311486,nan
1814050.654104747,3052.398597330427,605,25.6665155573503,0.5075280846283157,-6.086860172948146e-08,4.769593043878653e+16,9770.96980167463,1865066.4080136812,2.1710133012402274e-05,6.193267787379535e-06,3.3121938079138904e+16,0.0014937475946974967,nan
1817057.776951521,3007.1228467739156,606,25.715984101536623,0.5009636786122329,-6.086860172948146e-08,4.769606963485147e+16,9771.868031190947,1865067.4046478241,2.1691455711586427e-05,6.193552449403828e-06,3.312193990243884e+16,0.001493610289509256,nan
1820059.11514744,3001.338195918946,607,25.437033280701527,0.49457631448725253,-6.086860172948146e-08,4.769607718431113e+16,9772.691317828494,1865067.8676905315,2.1572367449274437e-05,6.193813349446623e-06,3.312178043289659e+16,0.0014934844624107564,nan
1823093.3669989773,3034.2518515373667,608,24.85014598632372,0.4884639201454545,-6.086860172948146e-08,4.769595617561319e+16,9773.448720561644,1865067.8226328993,2.1354038395923078e-05,6.1940533611340856e-06,3.3121463490800016e+16,0.0014933687234074536,nan
1826199.2789470223,3105.911948045036,609,23.95894713575196,0.48206853893208046,-6.086860172948146e-08,4.769570960210937e+16,9774.145751487724,1865067.2923736284,2.102159025085428e-05,6.194274233514853e-06,3.3120993459225284e+16,0.0014932622256928992,nan
1829420.7212287833,3221.4422817609275,610,22.798460414701108,0.47578176715204745,-6.086860172948146e-08,4.76953400974597e+16,9774.78459691331,1865066.3010252113,2.055042414768793e-05,6.194476661389396e-06,3.31203752652923e+16,0.0014931646313436195,1.5308543411879993e-14
1832806.1412933688,3385.4200645854494,611,22.172902635103068,0.48628070123553907,-6.086860172948146e-08,4.769485038351341e+16,9775.362696837114,1865064.8811074304,1.991287611366096e-05,6.194659835427902e-06,3.311961576708738e+16,0.0014930763278825229,nan
1836287.073248908,3480.931955539048,612,22.656369323245134,0.5109021966158067,-6.086860172948146e-08,4.76942805712465e+16,9775.85695091822,1865063.1513861038,1.9172804232701714e-05,6.194816438169888e-06,3.3118771768257376e+16,0.0014930008399665106,nan
1839693.7252251536,3406.651976245733,613,22.8464179290395,0.5041941540386036,-6.086860172948146e-08,4.7693714227342e+16,9776.243125729434,1865061.337186118,1.837685222628343e-05,6.1949387936040685e-06,3.3117952789800756e+16,0.0014929418644162812,nan
1843072.0388658002,3378.3136406465583,614,23.92029461100033,0.5235020799605493,-6.086860172948146e-08,4.7693173762980664e+16,9776.531666671373,1865059.5587248704,1.7488203818713425e-05,6.195030213194536e-06,3.3117188933618336e+16,0.0014928978022819266,nan
1846298.6866385285,3226.6477727281854,615,25.206582866820835,0.5268869651636517,-6.086860172948146e-08,4.769271684309807e+16,9776.722690130136,1865057.9996562481,1.7085436118289512e-05,6.195090735185272e-06,3.311655345186891e+16,0.0014928686331512466,nan
1849360.679044932,3061.992406403511,616,26.119190978697777,0.5181025749642209,-6.086860172948146e-08,4.7692357257625816e+16,9776.831305499381,1865056.7394167387,1.6631042495477796e-05,6.1951251475451284e-06,3.3116062793401564e+16,0.001492852048178799,nan
1852315.6850170745,2955.005972142645,617,26.60462033403548,0.5092925802283388,-6.086860172948146e-08,4.769208882005866e+16,9776.873257374129,1865055.79396063,1.608390145061599e-05,6.195138439010804e-06,3.311570794087082e+16,0.0014928456424557737,nan
1855216.7737888938,2901.0887718193176,618,26.727016487183132,0.5023002800192392,-6.086860172948146e-08,4.769190715832893e+16,9776.859140659028,1865055.1722835877,1.5455351415610126e-05,6.19513396646454e-06,3.31154825359049e+16,0.001492847797961578,nan
1858104.5770484384,2887.8032595444697,619,26.572800291867793,0.49711497548951467,-6.086860172948146e-08,4.769181071485657e+16,9776.79591113308,1865054.8850593732,1.530509930997741e-05,6.1951139336497274e-06,3.3115384181404748e+16,0.0014928574526643491,nan
1861009.139777313,2904.5627288745604,620,26.346853006046008,0.49574852323917606,-6.086860172948146e-08,4.769179932540107e+16,9776.688516080922,1865054.9427443366,1.615764946624728e-05,6.195079907859623e-06,3.311541240497318e+16,0.001492873851417744,3.864396183221692e-14
1863938.61166953,2929.471892217056,621,25.972781944160634,0.49290102954991366,-6.086860172948146e-08,4.769187278578735e+16,9776.541823812715,1865055.34819798,1.6906261918161053e-05,6.195033431298014e-06,3.3115566040276904e+16,0.0014928962512658045,nan
1866910.2750629825,2971.6633934525007,622,25.346709413887954,0.4879475265372288,-6.086860172948146e-08,4.7692027941067704e+16,9776.359998401618,1865056.092389272,1.7499701091645747e-05,6.194975823006757e-06,3.311584016281413e+16,0.0014929240168630878,nan
1869955.339574879,3045.0645118966218,623,25.117473296193886,0.49547799057560377,-6.086860172948146e-08,4.769225917349344e+16,9776.145639364087,1865057.1590668405,1.790127695955411e-05,6.1949079063008215e-06,3.3116227215453024e+16,0.0014929567518250212,nan
1873028.1950496088,3072.855474729692,624,25.153420931956475,0.5007155902056445,-6.086860172948146e-08,4.769255473847261e+16,9775.90690883902,1865058.4843093383,1.8145791282403167e-05,6.194832266948641e-06,3.311670777922913e+16,0.001492993210268477,nan
1876096.6589988417,3068.4639492328033,625,25.25578111218244,0.5020347168781308,-6.086860172948146e-08,4.769289556743647e+16,9775.651347681782,1865059.9774295974,1.8179204431762453e-05,6.194751293957354e-06,3.311725298211894e+16,0.0014930322410255075,nan
1879152.686646007,3056.0276471653597,626,25.367434859269224,0.5022104591932999,-6.086860172948146e-08,4.7693258857459896e+16,9775.38336801463,1865061.5417672314,1.846920419952491e-05,6.194666385100245e-06,3.3117830541449804e+16,0.001493073170600127,nan
1882195.2633100557,3042.576664048628,627,25.407687083954386,0.5007933838188305,-6.086860172948146e-08,4.769361993394067e+16,9775.104750413368,1865063.0777254049,1.8902191970910583e-05,6.1945781043995185e-06,3.311840668990724e+16,0.0014931157273272338,nan
1885233.0197604778,3037.756450422002,628,25.350968912448057,0.49888383835728695,-6.086860172948146e-08,4.7693953782699384e+16,9774.813914656868,1865064.4892672806,1.9243209341783063e-05,6.194485951002904e-06,3.311894843300723e+16,0.0014931601528729158,nan
1888277.57263718,3044.5528767023757,629,25.07965274842582,0.4946488009006825,-6.086860172948146e-08,4.769423533918027e+16,9774.506190964652,1865065.6824296133,1.9512350287582125e-05,6.19438844504998e-06,3.311942359418783e+16,0.001493207160951517,nan
1891355.0620308253,3077.489393645243,630,24.55137397191119,0.48946798064124336,-6.086860172948146e-08,4.769443961303568e+16,9774.172170850701,1865066.5681032415,1.9701588061085656e-05,6.1942826050223435e-06,3.3119801612880896e+16,0.0014932581894393864,2.861784486141447e-14
1894498.7706239936,3143.70859316832,631,23.741857354518356,0.48351382251928166,-6.086860172948146e-08,4.769453975220425e+16,9773.797599339678,1865067.0523152666,1.9797395817344152e-05,6.19416391343476e-06,3.3120050743196588e+16,0.0014933154171413805,nan
1897749.6689920987,3250.8983681050345,632,22.57250200429271,0.47537354949184074,-6.086860172948146e-08,4.7694504835049256e+16,9773.362101488154,1865067.0289378187,1.9791286578421767e-05,6.1940259130772416e-06,3.31201354951411e+16,0.0014933819587929697,nan
1901168.978261178,3419.3092690791714,633,23.146049164692464,0.5127045544240219,-6.086860172948146e-08,4.7694294683135864e+16,9772.835469199417,1865066.368931182,1.9666523345444876e-05,6.193859029974332e-06,3.312001141966828e+16,0.0014934624332019982,nan
1904503.5588101263,3334.5805489483732,634,24.442486367119034,0.5280055830090473,-6.086860172948146e-08,4.769393940931771e+16,9772.241278160483,1865065.0720829372,1.945625994715261e-05,6.193670732960294e-06,3.3119701142737532e+16,0.0014935532416429213,nan
1907661.2721528006,3157.7133426742907,635,25.495462912202676,0.5215398820166705,-6.086860172948146e-08,4.769347811350784e+16,9771.596304703573,1865063.2586936818,1.914679516714564e-05,6.193466336700211e-06,3.311924938471525e+16,0.0014936518235089034,nan
1910688.5702095323,3027.2980567316977,636,26.258214121727892,0.5149585675724316,-6.086860172948146e-08,4.769292919835955e+16,9770.899582525672,1865061.0232169998,1.9252101147030094e-05,6.19324553335647e-06,3.311868304941437e+16,0.0014937583296031184,nan
1913627.9310119,2939.360802367748,637,26.70950644514294,0.5085933552320607,-6.086860172948146e-08,4.76923102133143e+16,9770.152771961028,1865058.4465148065,1.9372686180032923e-05,6.193008847392392e-06,3.3118026466705836e+16,0.0014938725094452978,nan
1916517.6274384554,2889.6964265553347,638,26.838110867481358,0.5024074653457665,-6.086860172948146e-08,4.7691637272415176e+16,9769.359795476608,1865055.5994606495,1.9362599576702206e-05,6.192757520204951e-06,3.311730115031999e+16,0.0014939937667022226,nan
1919393.4768494177,2875.849410962265,639,26.66624091392968,0.4967980243765979,-6.086860172948146e-08,4.7690925157651e+16,9768.526321839698,1865052.5469721677,1.927193012331776e-05,6.1924933467926685e-06,3.311652635611914e+16,0.0014941212377635915,nan
1922287.8617602384,2894.3849108206464,640,26.15149764895441,0.49034840968705146,-6.086860172948146e-08,4.769018863902493e+16,9767.660152067192,1865049.3554019802,1.963381293617044e-05,6.192218798243472e-06,3.3115720953566384e+16,0.0014942537324073918,1.378146816138088e-14
1925239.2172185623,2951.3554583238997,641,25.317927748249254,0.4840626737348925,-6.086860172948146e-08,4.768944071860382e+16,9766.768386543492,1865046.0885242126,2.0429997315431042e-05,6.191936123928641e-06,3.3114902021467572e+16,0.0014943901668869948,nan
1928287.743389308,3048.5261707456852,642,24.170366409243446,0.4773369813197851,-6.086860172948146e-08,4.768869504717114e+16,9765.858605398358,1865042.8195255995,2.119883699722798e-05,6.191647725673089e-06,3.311408804983726e+16,0.001494529383319696,nan
1931481.0075716858,3193.2641823778667,643,22.71356956345496,0.4698639892105367,-6.086860172948146e-08,4.768796529303661e+16,9764.936965128105,1865039.63428739,2.1896271955872564e-05,6.191355554408105e-06,3.3113299105418576e+16,0.001494670440908666,nan
1934879.0804775741,3398.072905888335,644,20.926300014868914,0.46065634810079176,-6.086860172948146e-08,4.768726404028693e+16,9764.006166985779,1865036.6388143965,2.242525260825652e-05,6.191060465990932e-06,3.3112556942408692e+16,0.0014948129271429016,nan
1938567.3753636621,3688.2948860880942,645,20.53917986080213,0.4907503917608052,-6.086860172948146e-08,4.768659674610357e+16,9763.060960866253,1865033.9673023962,2.284522315157077e-05,6.1907607954577835e-06,3.311188085335061e+16,0.001494957646747946,nan
1942325.1868173163,3757.8114536542153,646,21.311566963990472,0.5188027737334927,-6.086860172948146e-08,4.768606463641083e+16,9762.166054616762,1865031.955513163,2.3001949691107116e-05,6.1904770587532315e-06,3.311138729764598e+16,0.001495094690815145,nan
1945946.8053242988,3621.6185069825697,647,23.30398494714054,0.5467449903265348,-6.086860172948146e-08,4.768573204369882e+16,9761.358996330553,1865030.7314837815,2.295257715231304e-05,6.190221163747906e-06,3.3111143662959236e+16,0.0014952183035784237,nan
1949258.7867517094,3311.9814274106247,648,24.715070437557458,0.5302756265423623,-6.086860172948146e-08,4.768559706584699e+16,9760.656876978115,1865030.2158818606,2.26629331431925e-05,6.18999853325995e-06,3.311113683310911e+16,0.0014953258600390485,nan
1952381.6734747954,3122.8867230861115,649,25.666891927357884,0.5192558927194887,-6.086860172948146e-08,4.7685594641457784e+16,9760.015221530128,1865030.2185966168,2.226537019391751e-05,6.189795067877938e-06,3.31112954177628e+16,0.001495424167671038,nan
1955388.752226209,3007.078751413564,650,26.204163724770467,0.5104662418600032,-6.086860172948146e-08,4.768568995306396e+16,9759.408567597584,1865030.6150987567,2.1773793004574902e-05,6.189602695131222e-06,3.3111579487901296e+16,0.0014955171246310685,4.154275517621843e-14
1958334.1759436096,2945.423717400556,651,26.390559824225225,0.5035566122508721,-6.086860172948146e-08,4.768585989389785e+16,9758.820536085861,1865031.313138637,2.1189680645999743e-05,6.189416221933002e-06,3.3111961490564596e+16,0.0014956072391272162,nan
1961258.7961806816,2924.620237071919,652,26.235936425319416,0.49707047899067547,-6.086860172948146e-08,4.768608641443598e+16,9758.240869645426,1865032.236146399,2.054312172577443e-05,6.1892323959195956e-06,3.311241882933728e+16,0.0014956960823251013,nan
1964200.6528797662,2941.8566990847003,653,25.78021627299376,0.4913149630922672,-6.086860172948146e-08,4.768635304178811e+16,9757.662505134542,1865033.3147523317,1.9810161714312577e-05,6.189048977337423e-06,3.3112930347922936e+16,0.001495784736501512,nan
1967194.5131527865,2993.860273020252,654,25.05153347074713,0.4858674032341233,-6.086860172948146e-08,4.768664239084389e+16,9757.081375892554,1865034.4786429135,1.907267585817073e-05,6.188864676492265e-06,3.311347314751105e+16,0.001495873825053366,nan
1970275.4568969973,3080.9437442108156,655,24.12189314080156,0.48144544063477956,-6.086860172948146e-08,4.768693388807258e+16,9756.495697235183,1865035.6503354139,1.896397201520025e-05,6.1886789272804755e-06,3.3114019918239804e+16,0.0014959636217796333,nan
1973475.1379866642,3199.6810896668076,656,23.973174366242716,0.4969173486158246,-6.086860172948146e-08,4.768720120331153e+16,9755.906835258536,1865036.736803185,1.917359993921143e-05,6.188492162851469e-06,3.3114535383728524e+16,0.0014960539174446277,nan
1976694.6684564492,3219.5304697849624,657,23.93161123549245,0.49913313251479974,-6.086860172948146e-08,4.768741491187915e+16,9755.341629026596,1865037.5971978095,1.9314840092948127e-05,6.1883128958157135e-06,3.311497050051894e+16,0.0014961405960079845,nan
1979919.7904329887,3225.1219765394962,658,23.697816405098727,0.4951153554164588,-6.086860172948146e-08,4.768755045304214e+16,9754.809813219454,1865038.13784791,1.9560916086815498e-05,6.188144214512844e-06,3.3115289666809576e+16,0.0014962221630742728,nan
1983176.7303978447,3256.9399648560016,659,23.501973910227797,0.4958679210876831,-6.086860172948146e-08,4.7687585313848856e+16,9754.313951461008,1865038.2879573635,2.009460508570538e-05,6.187986932970409e-06,3.3115463157473376e+16,0.0014962982237133396,nan
1986460.8105191318,3284.0801212870606,660,23.260448262141523,0.4948615880306725,-6.086860172948146e-08,4.768750303579644e+16,9753.861994936868,1865037.9901976713,2.057078567373994e-05,6.18784357417163e-06,3.3115467125590828e+16,0.0014963675564294084,1.2256210761508255e-14
1989778.9909969864,3318.180477854655,661,22.85027132092708,0.4911829527833726,-6.086860172948146e-08,4.768729321954134e+16,9753.460607834068,1865037.2130535522,2.0904040490460785e-05,6.187716253005977e-06,3.3115286347711176e+16,0.0014964291368942657,nan
1993156.734930333,3377.7439333466427,662,22.12405617422887,0.4841092664393634,-6.086860172948146e-08,4.768694907091446e+16,9753.116030921788,1865035.9443514505,2.1131857404541298e-05,6.1876069501093925e-06,3.311491092425651e+16,0.0014964820056317851,nan
1996645.3522400057,3488.6173096727102,663,22.910381158796387,0.5177708142298849,-6.086860172948146e-08,4.76864622993274e+16,9752.835816517205,1865034.1795027251,2.117236401505969e-05,6.187518062155751e-06,3.3114329618658016e+16,0.0014965250019276387,nan
2000014.2340056393,3368.8817656336655,664,23.29478567938115,0.508389308713818,-6.086860172948146e-08,4.768591293738153e+16,9752.647326941835,1865032.1205206434,2.109181040959587e-05,6.1874582698907515e-06,3.311363389497453e+16,0.0014965539252909767,nan
2003327.5233568223,3313.289351183104,665,23.309490565262205,0.5003156261251648,-6.086860172948146e-08,4.768531651777948e+16,9752.545859241716,1865029.8583170262,2.0815050076097586e-05,6.187426082281984e-06,3.3112848449461216e+16,0.001496569495777606,nan
2006638.7225060912,3311.1991492688385,666,23.29671057488831,0.49972586294114585,-6.086860172948146e-08,4.7684689840757944e+16,9752.529493009977,1865027.4793425011,2.039877012195586e-05,6.187420890566247e-06,3.3111998291722016e+16,0.001496572007249445,nan
2009951.7380960595,3313.015589968382,667,23.89188375386676,0.512773759992108,-6.086860172948146e-08,4.768406307281453e+16,9752.596012421936,1865025.1057060403,1.9795180563932732e-05,6.187441991907066e-06,3.3111125534638296e+16,0.0014965617995991178,nan
2013182.222813159,3230.4847170995763,668,24.196833540011763,0.5063818698702577,-6.086860172948146e-08,4.768348852781784e+16,9752.73466005778,1865022.9179074564,1.9077082762780933e-05,6.187485973589175e-06,3.311030270208543e+16,0.0014965405240530642,nan
2016371.994119473,3189.771306314021,669,24.14237945270031,0.4988747683199662,-6.086860172948146e-08,4.768297813441421e+16,9752.933018674214,1865020.9891643655,1.8292742662863966e-05,6.1875488961928905e-06,3.310955229529208e+16,0.0014965100868802447,nan
2019568.9600805459,3196.9659610727986,670,23.66933429312065,0.490203012911249,-6.086860172948146e-08,4.7682540839158984e+16,9753.180907984526,1865019.3830138028,1.8409953445358637e-05,6.187627529844905e-06,3.3108892466119964e+16,0.0014964720512017503,7.406984307217618e-14
2022829.8192316212,3260.8591510754413,671,24.12079881817065,0.5095369079556499,-6.086860172948146e-08,4.768218442394712e+16,9753.470904225562,1865018.1655260895,1.9063188625614928e-05,6.187719519084279e-06,3.3108339827317828e+16,0.0014964275571673778,nan
2026029.6454857767,3199.8262541555346,672,24.809535108341848,0.5142768134538803,-6.086860172948146e-08,4.768194610817678e+16,9753.78017085887,1865017.4476495264,1.9610946954898864e-05,6.187817619546813e-06,3.3107949041150504e+16,0.0014963801093979502,nan
2029140.6415198634,3110.9960340866996,673,25.098571495228754,0.5058251068717068,-6.086860172948146e-08,4.7681830089937256e+16,9754.094649568691,1865017.2417885363,2.0031641240801738e-05,6.187917371703549e-06,3.310772963251908e+16,0.0014963318650756312,nan
2032215.8111702262,3075.169650362716,674,25.00864274431938,0.4982084886598732,-6.086860172948146e-08,4.768182740006797e+16,9754.411918567397,1865017.5315130644,2.0345709607470832e-05,6.188018007306082e-06,3.310767185115926e+16,0.0014962831958461043,nan
2035302.0388443416,3086.2276741154983,675,24.54908484951279,0.4908120184788722,-6.086860172948146e-08,4.76819335275109e+16,9754.732692179783,1865018.3108335035,2.05894353516481e-05,6.188119752884789e-06,3.3107770427078464e+16,0.0014962339922255613,nan
2038446.0405781218,3144.0017337802315,676,23.69876462842201,0.48268122363209687,-6.086860172948146e-08,4.768214659117441e+16,9755.06058349949,1865019.5823491355,2.065105892587042e-05,6.1882237543867195e-06,3.310802260701143e+16,0.0014961837001608324,nan
2041702.8502278966,3256.809649774789,677,22.442283600360966,0.47349057961961993,-6.086860172948146e-08,4.7682465728677784e+16,9755.402676150745,1865021.357951203,2.0589942057921067e-05,6.188332258444359e-06,3.3108426425872956e+16,0.0014961312334953604,nan
2045141.9995900562,3439.1493621595982,678,22.396539052135925,0.4989808401622661,-6.086860172948146e-08,4.7682888118237064e+16,9755.77022765966,1865023.6587545043,2.0332918024302716e-05,6.188448835356198e-06,3.310897746161852e+16,0.001496074866311676,nan
2048588.173356008,3446.1737659518185,679,23.320140560695982,0.5206192909183434,-6.086860172948146e-08,4.768339684855629e+16,9756.151657883367,1865026.2971705226,1.9910442353931328e-05,6.188569811880694e-06,3.310964259778055e+16,0.0014960163751984838,nan
2051897.8603250338,3309.686969025831,680,23.922394384660482,0.5129127400067979,-6.086860172948146e-08,4.768395568968399e+16,9756.536011232653,1865029.028126241,1.936408639859669e-05,6.1886917131278025e-06,3.311036406392551e+16,0.0014959574404593786,6.244318386446918e-14
2055124.2248807105,3226.3645556766305,681,24.907744691745577,0.5205947258297213,-6.086860172948146e-08,4.768453360693845e+16,9756.929836086892,1865031.7572444614,1.8699907428153372e-05,6.188816615860412e-06,3.3111099688927316e+16,0.001495897058225332,nan
2058222.9544640102,3098.7295832996256,682,25.553177947847363,0.5129564772742287,-6.086860172948146e-08,4.768509521274812e+16,9757.325514525357,1865034.3306428115,1.8024941240291246e-05,6.188942103924253e-06,3.3111801345590508e+16,0.0014958363967037685,nan
2061243.4149909595,3020.4605269493763,683,25.816061424476022,0.5051438509363726,-6.086860172948146e-08,4.768561934756394e+16,9757.724047781234,1865036.6946066828,1.7312914181253758e-05,6.189068494811704e-06,3.3112442666115852e+16,0.001495775302482768,nan
2064233.1183411542,2989.7033501946266,684,25.725926025450402,0.49825427671666134,-6.086860172948146e-08,4.768608892301354e+16,9758.125001985718,1865038.805982441,1.7293216043576318e-05,6.189195650874484e-06,3.3113002826728052e+16,0.0014957138421718608,nan
2067233.2966536172,3000.178312463096,685,25.308081152700737,0.49187891482824964,-6.086860172948146e-08,4.768648729651321e+16,9758.525788662875,1865040.6193990202,1.7398820537893225e-05,6.189322751198004e-06,3.3113461887356916e+16,0.0014956524125877449,nan
2070283.008912081,3049.7122584637264,686,24.609128205634665,0.4861911113914797,-6.086860172948146e-08,4.768679686896728e+16,9758.9219013767,1865042.0849800252,1.7437275001918592e-05,6.189448366716481e-06,3.3113799115888732e+16,0.00149559170435152,nan
2073419.339654261,3136.330742180215,687,23.674857907391388,0.4810178099273473,-6.086860172948146e-08,4.768699819491416e+16,9759.30668499886,1865043.1463353853,1.7373493724607602e-05,6.189570387105121e-06,3.311399198571135e+16,0.0014955327371306045,nan
2076679.438009719,3260.0983554579047,688,23.82689531161569,0.5032109464990038,-6.086860172948146e-08,4.768706999784704e+16,9759.671572439003,1865043.7429821447,1.723625380320645e-05,6.18968609590785e-06,3.3114016354622708e+16,0.0014954768232498916,nan
2079918.7339532387,3239.295943519741,689,23.711417464923162,0.497576733242366,-6.086860172948146e-08,4.768701492116999e+16,9759.991027346674,1865043.8271699958,1.698114345856453e-05,6.189787395905773e-06,3.311387819453341e+16,0.001495427874699718,nan
2083173.8057111276,3255.0717578889517,690,23.17451054964408,0.4886783041108078,-6.086860172948146e-08,4.768683913688248e+16,9760.264272822304,1865043.4352012502,1.667269999857592e-05,6.1898740414548634e-06,3.311358764111222e+16,0.0014953860091426522,1.6232643982009356e-14
2086504.2909511179,3330.485239990176,691,22.191867980374692,0.47879906531004424,-6.086860172948146e-08,4.7686547795687096e+16,9760.494672959709,1865042.607947522,1.721824459209624e-05,6.189947099897418e-06,3.3113152836955176e+16,0.0014953507099950655,nan
2089982.2480747742,3477.9571236563866,692,20.789607145696674,0.46840597565022235,-6.086860172948146e-08,4.768614389717328e+16,9760.688339035732,1865041.3916190516,1.7867804713227427e-05,6.1900085095318345e-06,3.31125792163904e+16,0.0014953210400891915,nan
2093694.7937130192,3712.5456382451425,693,20.563189476200645,0.4945545467042918,-6.086860172948146e-08,4.7685626161030424e+16,9760.854908686893,1865039.8530719653,1.8410934071054196e-05,6.190061326665394e-06,3.3111868461691196e+16,0.0014952955223342048,nan
2097448.2175395573,3753.423826537965,694,20.13645216339996,0.4896237567305748,-6.086860172948146e-08,4.7685090534071384e+16,9761.001319630512,1865038.2404619115,1.883202442975499e-05,6.19010775135513e-06,3.3111137312928684e+16,0.0014952730935258022,nan
2101281.1849711225,3832.9674315653774,695,20.382715793842795,0.5061148713895699,-6.086860172948146e-08,4.768457505062386e+16,9761.146898085002,1865036.7460075654,1.9028974292047473e-05,6.190153911729976e-06,3.3110435634086628e+16,0.0014952507929141764,nan
2105067.842554451,3786.6575833285897,696,21.01691505446846,0.5155572806646611,-6.086860172948146e-08,4.76841663629324e+16,9761.302622530444,1865035.619869406,1.90325774047806e-05,6.190203288839582e-06,3.310987060908866e+16,0.0014952269388129845,nan
2108740.235250028,3672.3926955767133,697,21.8286396815604,0.5193112220558592,-6.086860172948146e-08,4.768391062300718e+16,9761.47207960112,1865035.0183952353,1.8829477260158526e-05,6.19025701984272e-06,3.3109502859335824e+16,0.001495200981992642,nan
2112276.065537922,3535.830287894006,698,22.578896186458405,0.5171851410771093,-6.086860172948146e-08,4.768381814522498e+16,9761.651450631765,1865035.0022014792,1.848822124475067e-05,6.190313893830157e-06,3.310935057832927e+16,0.0014951735075696393,nan
2115694.406483033,3418.340945111215,699,23.416700161347674,0.5185528107302193,-6.086860172948146e-08,4.768387871406234e+16,9761.833499895722,1865035.569210815,1.7982225500411775e-05,6.190371616482907e-06,3.3109406430935932e+16,0.0014951456239516137,nan
2118990.445839466,3296.0393564327146,700,24.235186764315504,0.5174765572716955,-6.086860172948146e-08,4.768407811784826e+16,9762.00785493499,1865036.6747395478,1.7432010941686703e-05,6.190426899010872e-06,3.3109655823833172e+16,0.0014951189197962957,3.49044289374866e-14
2122175.1691956413,3184.7233561753064,701,24.632855038231067,0.508204357527401,-6.086860172948146e-08,4.7684396183524664e+16,9762.164809605973,1865038.2475273318,1.680757762378063e-05,6.190476664004213e-06,3.3110075072738684e+16,0.00149509488149099,nan
2125308.478964639,3133.3097689974,702,24.623758874202213,0.4998153652101079,-6.086860172948146e-08,4.768481543984493e+16,9762.297314603935,1865040.236241937,1.6830629555675135e-05,6.190518676525529e-06,3.3110643899137132e+16,0.001495074588363477,nan
2128442.946197034,3134.4672323951545,703,24.21460484568505,0.4916918852518121,-6.086860172948146e-08,4.768532335617057e+16,9762.397287128819,1865042.598515715,1.7056807317929956e-05,6.190550373992738e-06,3.311134785961897e+16,0.001495059277945647,nan
2131630.376502895,3187.430305861045,704,23.54743883885795,0.4862238923352494,-6.086860172948146e-08,4.768590900341067e+16,9762.454845371198,1865045.2958018286,1.7143310931438245e-05,6.1905686234381946e-06,3.311217472031551e+16,0.001495050463258598,nan
2134908.1157873143,3277.7392844193314,705,23.896274741362582,0.5074070879829399,-6.086860172948146e-08,4.768655756051555e+16,9762.457576830377,1865048.2696507175,1.7111596087714046e-05,6.190569489474687e-06,3.3113106872918696e+16,0.0014950500449551864,nan
2138138.0068964916,3229.891109177348,706,24.578826830447472,0.5142815584536163,-6.086860172948146e-08,4.7687228166060856e+16,9762.397272910119,1865051.2780246402,1.761124930214602e-05,6.1905503694845405e-06,3.3114081640510916e+16,0.0014950592801231653,nan
2141278.20418345,3140.1972869581864,707,24.8992522716039,0.506518322525457,-6.086860172948146e-08,4.768788603395814e+16,9762.274398665873,1865054.158187177,1.8253570953443036e-05,6.190511410734431e-06,3.311504767262212e+16,0.001495078097897758,nan
2144377.9906544522,3099.7864710021063,708,24.87854267388418,0.49958413213590075,-6.086860172948146e-08,4.768851060497413e+16,9762.089566567545,1865056.8470805632,1.8810889574200287e-05,6.19045280704317e-06,3.3115977575168308e+16,0.0014951064052002177,nan
2147480.3574747806,3102.366820328551,709,24.53844944799016,0.4931649287027768,-6.086860172948146e-08,4.768908237033313e+16,9761.843044962681,1865059.2837055295,1.9261769480882774e-05,6.190374642937777e-06,3.311684548098803e+16,0.0014951441620078979,nan
2150625.7218749714,3145.364400190653,710,24.61945541212591,0.5016505925589847,-6.086860172948146e-08,4.768958061070723e+16,9761.534701782688,1865061.403881902,1.9718614727710406e-05,6.190276875801642e-06,3.3117624287175656e+16,0.0014951913899817304,5.456597862115687e-14
2153760.737009854,3135.0151348827694,711,26.133554094173224,0.5307500441561671,-6.086860172948146e-08,4.768997882290867e+16,9761.17579839368,1865063.0931590777,2.0089171414645316e-05,6.190163075470068e-06,3.3118273702937652e+16,0.001495246365864571,nan
2156714.118897808,2953.3818879535766,712,27.17775567053924,0.5199781777213156,-6.086860172948146e-08,4.769026028921898e+16,9760.79840414751,1865064.2505861204,2.0333605568984386e-05,6.190043409839791e-06,3.3118759724493964e+16,0.001495304178489289,nan
2159554.028354101,2839.909456293042,713,27.798046863844835,0.5114117442371812,-6.086860172948146e-08,4.769043285291032e+16,9760.406402523056,1865064.9422531712,2.0481615367325858e-05,6.189919109995928e-06,3.311909594276529e+16,0.0014953642335364709,nan
2160000.0,445.971645899117,714,27.86669207107019,0.08050902868569595,-6.086860172948146e-08,4.769045441092889e+16,9760.342873513997,1865065.0129393644,2.0499975035444302e-05,6.189898965339503e-06,3.3119140132549948e+16,0.001495373966699452,nan
